,number,emails,fund_date,amount,u_email,p_projectID,number.1,pid,amount collected
0,1.0,hllam@yahoo.ca,2018-09-23 19:28:59,283423.0440108128,cderoove@yahoo.ca,2416323,1.0,2409730.0,154973.0
1,2.0,conteb@att.net,2018-09-21 22:25:18,152175.35580915265,jpflip@yahoo.ca,2416323,2.0,2412210.0,277313.0
2,3.0,isotopian@yahoo.com,2018-10-03 10:56:47,19524.06397603719,kodeman@me.com,2416323,3.0,2416323.0,459072.0
3,4.0,mahbub@yahoo.com,2018-09-25 06:22:18,3949.536203997281,shawnce@yahoo.com,2416323,4.0,2415980.0,584437.0
4,5.0,graham@sbcglobal.net,2018-10-01 08:54:18,37662.98895715921,floxy@aol.com,2416290,5.0,2411758.0,215678.0
5,6.0,storerm@comcast.net,2018-09-26 07:39:54,18342.2945255254,nasor@yahoo.com,2416290,6.0,2415498.0,375568.0
6,7.0,parasite@hotmail.com,2018-10-06 02:03:31,40555.12343268572,sbmrjbr@gmail.com,2416290,7.0,2415522.0,272698.0
7,8.0,floxy@aol.com,2018-10-05 01:06:11,59551.593084629676,storerm@comcast.net,2416290,8.0,2413716.0,184853.0
8,9.0,chlim@icloud.com,2018-09-30 15:09:30,99613.15509090442,penna@sbcglobal.net,2415980,9.0,2416290.0,156112.0
9,10.0,jnolan@outlook.com,2018-09-27 19:20:06,24036.159815351188,osrin@msn.com,2415980,10.0,2414221.0,588918.0
10,11.0,portele@verizon.net,2018-09-29 06:28:09,244418.29918171294,ewaters@att.net,2415980,11.0,2411691.0,154132.0
11,12.0,penna@sbcglobal.net,2018-10-01 19:33:45,216369.38591203143,conteb@att.net,2415980,12.0,2408632.0,1705556.0
12,13.0,stecoop@yahoo.com,2018-09-23 01:52:37,158771.7757853133,isaacson@msn.com,2415522,13.0,2411787.0,382012.0
13,14.0,inico@att.net,2018-09-25 14:16:02,113926.22421468666,hllam@yahoo.ca,2415522,14.0,2409597.0,483661.0
14,15.0,lbaxter@msn.com,2018-09-20 14:00:50,86208.03299290847,sbmrjbr@gmail.com,2415498,15.0,2408597.0,378392.0
15,16.0,jpflip@yahoo.ca,2018-09-28 23:51:44,8679.522591732242,jhardin@verizon.net,2415498,16.0,2411357.0,296922.0
16,17.0,privcan@outlook.com,2018-09-20 14:21:43,39604.00540845288,dprice@msn.com,2415498,17.0,2406950.0,189556.0
17,18.0,dalamb@att.net,2018-09-22 10:34:07,123751.78978479086,frostman@live.com,2415498,18.0,2406115.0,190435.0
18,19.0,sbmrjbr@gmail.com,2018-10-05 12:19:44,117324.64922211558,stecoop@yahoo.com,2415498,19.0,2408644.0,170530.0
19,20.0,tbmaddux@comcast.net,2018-10-05 16:46:40,106344.33877624324,floxy@aol.com,2414221,20.0,2408641.0,302083.0
20,21.0,tbeck@yahoo.ca,2018-09-28 21:08:05,111746.48003491365,portele@verizon.net,2414221,21.0,2409394.0,239322.0
21,22.0,kodeman@me.com,2018-09-20 02:04:45,118170.75479894456,frostman@live.com,2414221,22.0,2408586.0,177558.0
22,23.0,dprice@msn.com,2018-09-29 18:54:12,117421.35913213556,conteb@att.net,2414221,23.0,2404176.0,324006.0
23,24.0,library@yahoo.ca,2018-10-05 02:04:37,55088.42495796051,isotopian@yahoo.com,2414221,24.0,2408640.0,214134.0
24,25.0,vmalik@me.com,2018-10-07 07:58:14,80146.6422998024,sbmrjbr@gmail.com,2414221,25.0,2408493.0,190860.0
25,26.0,dinther@mac.com,2018-10-07 07:39:19,9894.233014714708,graham@sbcglobal.net,2413716,26.0,2406602.0,184802.0
26,27.0,msherr@hotmail.com,2018-10-07 20:33:26,34575.2925012118,ewaters@att.net,2413716,27.0,2406573.0,159927.0
27,28.0,isaacson@msn.com,2018-09-23 02:46:20,61641.60216492716,library@yahoo.ca,2413716,28.0,2406971.0,1419101.0
28,29.0,munson@aol.com,2018-10-06 21:47:05,65973.10803256929,bolow@aol.com,2413716,29.0,2406094.0,413663.0
29,30.0,zwood@optonline.net,2018-09-17 14:36:17,12768.764286577045,chlim@icloud.com,2413716,30.0,2404580.0,172462.0
30,31.0,raides@me.com,2018-10-03 07:12:11,128897.11268296496,library@yahoo.ca,2412210,31.0,2387578.0,1221175.0
31,32.0,mrdvt@outlook.com,2018-09-24 21:23:22,59804.221186773444,tbeck@yahoo.ca,2412210,32.0,2395216.0,231170.0
32,33.0,iamcal@live.com,2018-10-06 09:37:55,58120.09867791297,dalamb@att.net,2412210,33.0,2391053.0,153442.0
33,34.0,rtanter@comcast.net,2018-10-02 23:18:11,30491.56745234863,shawnce@yahoo.com,2412210,34.0,2403379.0,566533.0
34,35.0,osrin@msn.com,2018-10-06 13:25:38,82204.19792342209,tbmaddux@comcast.net,2411787,35.0,2401779.0,346431.0
35,36.0,telbij@msn.com,2018-09-23 11:18:30,29640.51207319332,lstein@sbcglobal.net,2411787,36.0,2403257.0,247462.0
36,37.0,sherzodr@outlook.com,2018-10-02 12:55:46,25894.707412252035,vmalik@me.com,2411787,37.0,2402334.0,629834.0
37,38.0,jhardin@verizon.net,2018-10-05 12:13:26,1999.9178363200635,shawnce@yahoo.com,2411787,38.0,2388914.0,167258.0
38,39.0,shawnce@yahoo.com,2018-09-24 15:06:23,19841.352609566893,stecoop@yahoo.com,2411787,39.0,2401265.0,163307.0
39,40.0,cderoove@yahoo.ca,2018-09-21 07:10:32,92480.18018598562,chlim@icloud.com,2411787,40.0,2368016.0,160718.0
40,41.0,rkobes@me.com,2018-09-21 07:55:09,129951.13195925996,rkobes@me.com,2411787,41.0,2403388.0,944700.0
41,42.0,lstein@sbcglobal.net,2018-09-28 14:17:40,51407.664580998084,jnolan@outlook.com,2411758,42.0,2395061.0,1893500.0
42,43.0,ewaters@att.net,2018-09-30 01:34:55,5863.385819213747,hllam@yahoo.ca,2411758,43.0,2401200.0,219567.0
43,44.0,nasor@yahoo.com,2018-10-03 18:26:15,23483.483963503935,conteb@att.net,2411758,44.0,2371633.0,199039.0
44,45.0,josem@aol.com,2018-10-04 15:53:31,52815.559607730145,raides@me.com,2411758,45.0,2358236.0,303607.0
45,46.0,crusader@yahoo.ca,2018-09-28 20:13:29,39131.44130419203,sbmrjbr@gmail.com,2411758,46.0,2399187.0,1070947.0
46,47.0,frostman@live.com,2018-10-02 18:08:05,42976.464724362064,cderoove@yahoo.ca,2411758,47.0,2399262.0,322092.0
47,48.0,bolow@aol.com,2018-09-22 10:52:36,154132.0,graham@sbcglobal.net,2411691,48.0,2394086.0,299569.0
48,,,2018-10-02 22:37:29,126538.35301234959,tbmaddux@comcast.net,2411357,49.0,2394708.0,279465.0
49,,,2018-09-22 01:49:55,5801.794851066726,bolow@aol.com,2411357,50.0,2397193.0,1569643.0
50,,,2018-10-01 16:13:05,134829.38241086467,crusader@yahoo.ca,2411357,51.0,2399675.0,182595.0
51,,,2018-09-22 01:07:21,29752.46972571901,isotopian@yahoo.com,2411357,52.0,2396374.0,623169.0
52,,,2018-09-28 15:07:45,37154.14869703353,inico@att.net,2409730,53.0,2398807.0,592136.0
53,,,2018-10-02 03:51:23,69470.29757345837,inico@att.net,2409730,54.0,2397170.0,264797.0
54,,,2018-09-28 07:21:43,48348.55372950807,crusader@yahoo.ca,2409730,55.0,2383910.0,1780889.0
55,,,2018-09-28 10:32:57,113463.4790700422,library@yahoo.ca,2409597,56.0,2372181.0,7912303.0
56,,,2018-09-28 13:57:46,200728.09769125178,jhardin@verizon.net,2409597,57.0,2397562.0,504252.0
57,,,2018-09-21 03:59:28,35667.15107121099,sherzodr@outlook.com,2409597,58.0,2353243.0,233372.0
58,,,2018-09-26 09:31:06,15853.720124684383,library@yahoo.ca,2409597,59.0,2397173.0,614743.0
59,,,2018-09-29 02:37:58,117948.55204281062,frostman@live.com,2409597,60.0,2386212.0,410487.0
60,,,2018-09-29 08:55:05,36333.09830028618,msherr@hotmail.com,2409394,61.0,2394209.0,963723.0
61,,,2018-10-02 15:18:28,16021.788366054701,bolow@aol.com,2409394,62.0,2393782.0,214862.0
62,,,2018-09-22 12:51:31,15549.532180283777,munson@aol.com,2409394,63.0,2394175.0,156702.0
63,,,2018-10-04 03:19:41,46539.95496291543,nasor@yahoo.com,2409394,64.0,2364288.0,1187295.0
64,,,2018-10-03 19:24:26,82258.9131844641,lbaxter@msn.com,2409394,65.0,2389830.0,558439.0
65,,,2018-09-13 06:20:27,40290.121770771366,lbaxter@msn.com,2409394,66.0,2393715.0,165261.0
66,,,2018-09-22 11:53:41,2328.59123522446,nasor@yahoo.com,2409394,67.0,2392904.0,554591.0
67,,,2018-09-20 10:04:43,48168.1919694126,cderoove@yahoo.ca,2408644,68.0,2374152.0,157135.0
68,,,2018-09-28 06:25:56,19014.47012037722,parasite@hotmail.com,2408644,69.0,2395218.0,1402437.0
69,,,2018-10-06 02:55:53,9696.47021295763,storerm@comcast.net,2408644,70.0,2394763.0,473064.0
70,,,2018-10-04 15:20:23,4811.1651506489225,tbeck@yahoo.ca,2408644,71.0,2390226.0,166004.0
71,,,2018-10-07 20:31:25,34822.23388153302,rkobes@me.com,2408644,72.0,2394106.0,171504.0
72,,,2018-09-20 14:13:41,54017.4686650706,nasor@yahoo.com,2408644,73.0,2394109.0,189463.0
73,,,2018-10-01 07:55:20,39399.14441068144,zwood@optonline.net,2408641,74.0,2392244.0,2070073.0
74,,,2018-10-02 22:13:48,48415.03468756942,parasite@hotmail.com,2408641,75.0,2376833.0,827192.0
75,,,2018-10-03 12:27:38,8596.730575092128,rtanter@comcast.net,2408641,76.0,2368007.0,506332.0
76,,,2018-09-20 22:39:10,80890.08222482711,conteb@att.net,2408641,77.0,2390849.0,692437.0
77,,,2018-10-05 22:19:36,124782.00810182991,crusader@yahoo.ca,2408641,78.0,2391476.0,247607.0
78,,,2018-10-01 04:48:43,43495.84293421529,floxy@aol.com,2408640,79.0,2392457.0,179350.0
79,,,2018-09-21 09:05:26,50071.59880614225,vmalik@me.com,2408640,80.0,2391471.0,172964.0
80,,,2018-09-30 20:21:53,17773.430841653946,jhardin@verizon.net,2408640,81.0,2378018.0,288851.0
81,,,2018-10-05 00:32:05,277.6377675105732,osrin@msn.com,2408640,82.0,2392513.0,263883.0
82,,,2018-09-24 05:52:13,22915.249917261495,osrin@msn.com,2408640,83.0,2389527.0,1144601.0
83,,,2018-09-30 05:38:09,39540.954927818006,nasor@yahoo.com,2408640,84.0,2387476.0,195754.0
84,,,2018-09-24 18:38:48,1877.9648686575651,mrdvt@outlook.com,2408640,85.0,2381467.0,357329.0
85,,,2018-10-03 08:07:43,38181.31993674087,jpflip@yahoo.ca,2408640,86.0,2374711.0,156407.0
86,,,2018-09-21 03:27:21,190488.51802899828,jhardin@verizon.net,2408632,87.0,2386656.0,237366.0
87,,,2018-09-28 12:36:56,30846.93737772827,chlim@icloud.com,2408632,88.0,2358101.0,227474.0
88,,,2018-10-04 15:17:04,788131.3552626312,parasite@hotmail.com,2408632,89.0,2369791.0,458010.0
89,,,2018-09-16 01:08:52,696089.1893306421,vmalik@me.com,2408632,90.0,2389545.0,198047.0
90,,,2018-09-28 07:06:54,6142.488858906752,stecoop@yahoo.com,2408597,91.0,2387890.0,171829.0
91,,,2018-09-16 02:12:06,45434.05037297185,graham@sbcglobal.net,2408597,92.0,2384041.0,728655.0
92,,,2018-10-07 01:19:14,132902.7493964555,portele@verizon.net,2408597,93.0,2389055.0,186585.0
93,,,2018-09-27 01:39:22,52299.36956607136,library@yahoo.ca,2408597,94.0,2387720.0,238355.0
94,,,2018-09-23 19:15:11,48025.32648635743,tbeck@yahoo.ca,2408597,95.0,2356143.0,407876.0
95,,,2018-10-07 09:56:16,93588.01531923709,conteb@att.net,2408597,96.0,2387544.0,243868.0
96,,,2018-09-24 22:26:38,56385.87501756057,lbaxter@msn.com,2408586,97.0,2387640.0,197691.0
97,,,2018-10-07 18:54:13,29379.30321435312,kodeman@me.com,2408586,98.0,2378106.0,361909.0
98,,,2018-09-27 00:06:56,47.647557427969126,sherzodr@outlook.com,2408586,99.0,2384892.0,3350528.0
99,,,2018-09-21 22:55:25,4053.2628951891425,library@yahoo.ca,2408586,100.0,2384035.0,384461.0
100,,,2018-09-24 18:38:16,52266.661531601174,iamcal@live.com,2408586,101.0,2385318.0,946458.0
101,,,2018-09-24 17:24:36,35425.24978386804,crusader@yahoo.ca,2408586,102.0,2386700.0,344219.0
102,,,2018-09-27 09:50:16,2935.3364998592033,nasor@yahoo.com,2408493,103.0,2382403.0,907542.0
103,,,2018-09-28 15:32:52,27587.117506056737,inico@att.net,2408493,104.0,2385805.0,273967.0
104,,,2018-09-29 20:00:20,38752.79603744214,telbij@msn.com,2408493,105.0,2320723.0,271134.0
105,,,2018-10-03 02:47:26,16023.664094590727,rtanter@comcast.net,2408493,106.0,2322294.0,158489.0
106,,,2018-09-24 19:18:55,25946.161081514027,hllam@yahoo.ca,2408493,107.0,2381500.0,276517.0
107,,,2018-09-26 03:58:20,16863.469156962736,josem@aol.com,2408493,108.0,2380464.0,229473.0
108,,,2018-09-25 00:05:15,7745.495774354942,tbmaddux@comcast.net,2408493,109.0,2377451.0,1127232.0
109,,,2018-10-07 03:42:50,16311.082077441099,bolow@aol.com,2408493,110.0,2351458.0,603472.0
110,,,2018-09-23 10:10:48,38694.87777177838,rtanter@comcast.net,2408493,111.0,2375308.0,950184.0
111,,,2018-09-15 17:39:34,58725.07822650609,mrdvt@outlook.com,2406971,112.0,2382253.0,169909.0
112,,,2018-09-22 10:39:17,302463.6048426477,library@yahoo.ca,2406971,113.0,2380327.0,618873.0
113,,,2018-09-23 19:58:12,324222.90310667653,msherr@hotmail.com,2406971,114.0,2380616.0,198314.0
114,,,2018-09-20 21:38:55,41862.55600232989,dinther@mac.com,2406971,115.0,2382074.0,538406.0
115,,,2018-09-30 20:45:32,345046.06537898025,shawnce@yahoo.com,2406971,116.0,2370538.0,3004067.0
116,,,2018-09-29 01:58:17,346780.7924428595,lbaxter@msn.com,2406971,117.0,2360309.0,457612.0
117,,,2018-09-22 19:47:41,74948.27622785447,chlim@icloud.com,2406950,118.0,2382038.0,377379.0
118,,,2018-09-13 18:24:33,61915.25090226875,munson@aol.com,2406950,119.0,2355179.0,1326772.0
119,,,2018-10-02 16:32:34,976.5429612619039,jpflip@yahoo.ca,2406950,120.0,2356410.0,500198.0
120,,,2018-10-02 03:33:42,12234.38042817819,graham@sbcglobal.net,2406950,121.0,2379853.0,654246.0
121,,,2018-09-20 08:41:41,39481.549480436675,penna@sbcglobal.net,2406950,122.0,2377465.0,341172.0
122,,,2018-09-21 05:35:14,5911.773895515383,shawnce@yahoo.com,2406602,123.0,2375791.0,1489984.0
123,,,2018-09-26 09:36:11,23422.68945644945,jhardin@verizon.net,2406602,124.0,2358226.0,1348311.0
124,,,2018-09-26 11:46:15,20602.853230757595,bolow@aol.com,2406602,125.0,2363545.0,407393.0
125,,,2018-09-27 03:30:42,25563.316131589163,stecoop@yahoo.com,2406602,126.0,2371816.0,330852.0
126,,,2018-09-29 06:31:05,7952.381147728555,privcan@outlook.com,2406602,127.0,2323946.0,1623675.0
127,,,2018-09-22 11:28:08,35571.19717511947,munson@aol.com,2406602,128.0,2357860.0,232291.0
128,,,2018-10-06 03:54:59,21723.621217709457,mahbub@yahoo.com,2406602,129.0,2358166.0,2855578.0
129,,,2018-09-29 04:51:20,44054.16774513093,munson@aol.com,2406602,130.0,2362695.0,262465.0
130,,,2018-10-02 14:33:47,5071.091120591987,jpflip@yahoo.ca,2406573,131.0,2372522.0,525887.0
131,,,2018-09-29 00:12:12,6575.9442706782565,bolow@aol.com,2406573,132.0,2363961.0,289794.0
132,,,2018-09-24 21:44:12,25728.04027318402,vmalik@me.com,2406573,133.0,2374999.0,809748.0
133,,,2018-09-25 07:52:02,11548.566494863211,ewaters@att.net,2406573,134.0,2370422.0,471500.0
134,,,2018-09-27 03:49:59,14398.903655624554,nasor@yahoo.com,2406573,135.0,2374078.0,213399.0
135,,,2018-10-03 00:49:47,12007.170121547497,hllam@yahoo.ca,2406573,136.0,2374939.0,249057.0
136,,,2018-09-22 19:30:39,17153.359306055747,rtanter@comcast.net,2406573,137.0,2371279.0,200383.0
137,,,2018-09-23 14:16:15,25746.569153590677,telbij@msn.com,2406573,138.0,2370494.0,363583.0
138,,,2018-10-01 03:46:59,25920.935333647772,msherr@hotmail.com,2406573,139.0,2373246.0,171756.0
139,,,2018-10-02 20:57:08,15776.420270216264,parasite@hotmail.com,2406573,140.0,2362232.0,188655.0
140,,,2018-09-21 03:54:20,10000.034075192072,sherzodr@outlook.com,2406115,141.0,2373236.0,1303994.0
141,,,2018-09-28 05:32:01,54724.84659793346,nasor@yahoo.com,2406115,142.0,2365563.0,626189.0
142,,,2018-09-30 03:29:00,7689.967386479182,lstein@sbcglobal.net,2406115,143.0,2357807.0,224725.0
143,,,2018-10-05 07:40:50,50567.386837112135,lstein@sbcglobal.net,2406115,144.0,2347743.0,808817.0
144,,,2018-09-24 20:08:30,46838.78634674103,penna@sbcglobal.net,2406115,145.0,2369565.0,1553455.0
145,,,2018-10-03 00:15:08,20613.97875654215,mahbub@yahoo.com,2406115,146.0,2358558.0,284339.0
146,,,2018-10-04 18:11:33,114335.32563305777,jnolan@outlook.com,2406094,147.0,2367107.0,607140.0
147,,,2018-09-26 03:56:15,53837.47548202366,rtanter@comcast.net,2406094,148.0,2370077.0,245345.0
148,,,2018-09-21 04:36:18,129699.26923774242,vmalik@me.com,2406094,149.0,2367067.0,250534.0
149,,,2018-09-23 20:13:28,115790.92964717612,parasite@hotmail.com,2406094,150.0,2370551.0,208369.0
150,,,2018-09-30 07:50:40,11992.023091377536,crusader@yahoo.ca,2404580,151.0,2368018.0,165903.0
151,,,2018-09-20 04:07:42,9939.091450843971,ewaters@att.net,2404580,152.0,2368013.0,806998.0
152,,,2018-09-27 00:31:55,64593.25133724593,dprice@msn.com,2404580,153.0,2361184.0,165778.0
153,,,2018-10-05 02:14:55,1821.1316652050546,library@yahoo.ca,2404580,154.0,2368865.0,590678.0
154,,,2018-09-20 07:54:21,63657.02106124858,frostman@live.com,2404580,155.0,2350220.0,355819.0
155,,,2018-09-30 04:35:47,20459.481394078954,bolow@aol.com,2404580,156.0,2355738.0,303980.0
156,,,2018-10-03 23:31:46,92554.63074324634,zwood@optonline.net,2404176,157.0,2364768.0,302183.0
157,,,2018-10-02 08:32:40,1319.6988349660205,tbmaddux@comcast.net,2404176,158.0,2365150.0,1369454.0
158,,,2018-10-02 21:38:54,112437.41565525297,rtanter@comcast.net,2404176,159.0,2364706.0,1160606.0
159,,,2018-09-23 11:18:28,117694.25476653465,crusader@yahoo.ca,2404176,160.0,2367052.0,523724.0
160,,,2018-09-19 10:26:09,256975.75488807805,josem@aol.com,2403388,161.0,2355841.0,2849951.0
161,,,2018-09-27 01:12:58,166335.50453868,storerm@comcast.net,2403388,162.0,2358496.0,156690.0
162,,,2018-09-28 07:46:59,248520.80537374143,mahbub@yahoo.com,2403388,163.0,2365139.0,290254.0
163,,,2018-09-24 00:21:09,217497.78716519655,tbeck@yahoo.ca,2403388,164.0,2365028.0,1150752.0
164,,,2018-09-27 04:13:55,55370.14803430405,portele@verizon.net,2403388,165.0,2320490.0,357303.0
165,,,2018-10-02 04:40:34,13279.675735545754,floxy@aol.com,2403379,166.0,2366367.0,266605.0
166,,,2018-10-03 12:53:13,15021.67674408806,cderoove@yahoo.ca,2403379,167.0,2355975.0,160930.0
167,,,2018-09-28 06:16:21,50820.98966448909,lstein@sbcglobal.net,2403379,168.0,2362621.0,163434.0
168,,,2018-09-24 10:18:08,452169.1707760193,mrdvt@outlook.com,2403379,169.0,2364500.0,4294816.0
169,,,2018-09-30 06:20:14,35241.48707985767,munson@aol.com,2403379,170.0,2363735.0,170054.0
170,,,2018-09-23 00:41:26,182281.23714151786,floxy@aol.com,2403257,171.0,2363979.0,169486.0
171,,,2018-09-29 20:41:44,65180.762858482136,isaacson@msn.com,2403257,172.0,2361081.0,168504.0
172,,,2018-09-22 06:56:25,74351.21589242382,munson@aol.com,2402334,173.0,2350138.0,795122.0
173,,,2018-10-06 14:34:25,9907.941074204804,raides@me.com,2402334,174.0,2363701.0,393703.0
174,,,2018-09-20 00:30:48,113160.55511772436,isaacson@msn.com,2402334,175.0,2362681.0,179652.0
175,,,2018-09-20 11:58:48,92872.42627629706,sherzodr@outlook.com,2402334,176.0,2361061.0,195758.0
176,,,2018-10-06 11:33:17,106701.95612753306,tbmaddux@comcast.net,2402334,177.0,2360713.0,327814.0
177,,,2018-09-29 05:02:37,110907.22313186282,graham@sbcglobal.net,2402334,178.0,2362162.0,456841.0
178,,,2018-09-25 10:14:05,121932.68237995412,isotopian@yahoo.com,2402334,179.0,2354488.0,446342.0
179,,,2018-10-03 23:07:10,99847.73881997589,portele@verizon.net,2401779,180.0,2343413.0,172240.0
180,,,2018-09-21 08:33:31,70993.68708359062,floxy@aol.com,2401779,181.0,2337339.0,311490.0
181,,,2018-09-22 19:00:58,72692.66355851875,vmalik@me.com,2401779,182.0,2356238.0,1695026.0
182,,,2018-10-05 20:33:50,88115.65669612019,portele@verizon.net,2401779,183.0,2351745.0,352646.0
183,,,2018-09-24 16:11:55,14781.253841794554,ewaters@att.net,2401779,184.0,2357717.0,210185.0
184,,,2018-09-25 18:53:13,39876.07965493262,frostman@live.com,2401265,185.0,2354447.0,919884.0
185,,,2018-10-04 12:07:00,17660.645756883,hllam@yahoo.ca,2401265,186.0,2356353.0,427122.0
186,,,2018-09-23 20:54:50,32900.90237112098,dinther@mac.com,2401265,187.0,2343692.0,173898.0
187,,,2018-09-13 03:14:26,5348.413508403903,rtanter@comcast.net,2401265,188.0,2353218.0,458881.0
188,,,2018-09-28 10:24:55,2999.410110128686,bolow@aol.com,2401265,189.0,2300487.0,368892.0
189,,,2018-09-23 08:14:45,52946.44411344208,library@yahoo.ca,2401265,190.0,2354613.0,1456079.0
190,,,2018-09-29 19:43:51,11575.104485088732,bolow@aol.com,2401265,191.0,2355375.0,276933.0
191,,,2018-10-02 19:11:40,36119.40131257441,josem@aol.com,2401200,192.0,2337272.0,163680.0
192,,,2018-09-20 00:21:15,32329.874569717154,mahbub@yahoo.com,2401200,193.0,2355430.0,188980.0
193,,,2018-10-06 08:53:57,27378.635981971172,dprice@msn.com,2401200,194.0,2352725.0,162303.0
194,,,2018-09-23 03:24:05,10139.204849289687,zwood@optonline.net,2401200,195.0,2349966.0,202752.0
195,,,2018-10-01 23:00:10,20231.965688509747,nasor@yahoo.com,2401200,196.0,2306452.0,913643.0
196,,,2018-09-29 22:02:30,38561.64850048205,tbeck@yahoo.ca,2401200,197.0,2351287.0,243166.0
197,,,2018-10-05 08:41:07,2913.064462288692,sherzodr@outlook.com,2401200,198.0,2349712.0,230195.0
198,,,2018-09-30 06:34:02,51893.204635167116,stecoop@yahoo.com,2401200,199.0,2349099.0,459812.0
199,,,2018-09-16 10:25:26,182595.0,vmalik@me.com,2399675,200.0,2349605.0,402253.0
200,,,2018-10-03 07:32:44,67244.89781077887,sherzodr@outlook.com,2399262,201.0,2342926.0,1156151.0
201,,,2018-10-01 22:50:55,134331.87507116245,rtanter@comcast.net,2399262,202.0,2346739.0,254870.0
202,,,2018-09-28 10:01:19,120515.22711805867,raides@me.com,2399262,203.0,2340087.0,731569.0
203,,,2018-09-24 03:01:26,173878.0385686652,crusader@yahoo.ca,2399187,204.0,2342679.0,291436.0
204,,,2018-09-29 10:12:29,240088.0746339096,msherr@hotmail.com,2399187,205.0,2328899.0,451491.0
205,,,2018-09-30 11:50:05,216723.62213091928,mahbub@yahoo.com,2399187,206.0,2346746.0,198560.0
206,,,2018-09-23 23:07:10,194998.88884794622,inico@att.net,2399187,207.0,2345248.0,429790.0
207,,,2018-09-26 05:14:06,157747.0250878684,storerm@comcast.net,2399187,208.0,2328822.0,308312.0
208,,,2018-10-05 16:49:50,87511.35073069134,privcan@outlook.com,2399187,209.0,2299200.0,1341332.0
209,,,2018-09-23 22:50:58,151814.59262822734,sherzodr@outlook.com,2398807,210.0,2317748.0,168220.0
210,,,2018-10-07 12:14:05,168155.06708818505,zwood@optonline.net,2398807,211.0,2334365.0,385228.0
211,,,2018-09-24 11:20:36,97988.1982249299,vmalik@me.com,2398807,212.0,2246533.0,346573.0
212,,,2018-10-06 00:42:34,174178.14205865763,library@yahoo.ca,2398807,213.0,2332464.0,14953071.0
213,,,2018-10-03 21:23:19,89743.99265791109,jnolan@outlook.com,2397562,214.0,2301861.0,937993.0
214,,,2018-09-27 17:52:04,1585.0302560446312,josem@aol.com,2397562,215.0,2343790.0,880035.0
215,,,2018-09-13 17:47:18,98117.63696325797,iamcal@live.com,2397562,216.0,2343277.0,1705715.0
216,,,2018-09-27 20:10:15,80791.85719564279,tbeck@yahoo.ca,2397562,217.0,2289276.0,217466.0
217,,,2018-09-24 19:37:26,93927.58824297627,hllam@yahoo.ca,2397562,218.0,2309410.0,1881954.0
218,,,2018-10-03 15:31:20,55931.0162193608,graham@sbcglobal.net,2397562,219.0,2340785.0,500538.0
219,,,2018-09-26 04:17:37,5452.1165373447275,hllam@yahoo.ca,2397562,220.0,2332995.0,858483.0
220,,,2018-10-01 20:16:46,36127.07230116641,msherr@hotmail.com,2397562,221.0,2339328.0,2141345.0
221,,,2018-10-07 18:21:52,42575.68962629526,floxy@aol.com,2397562,222.0,2339329.0,712185.0
222,,,2018-09-14 21:38:57,615818.6088443876,storerm@comcast.net,2397193,223.0,2337311.0,208075.0
223,,,2018-09-14 23:18:43,128947.7335460549,inico@att.net,2397193,224.0,2151483.0,1427071.0
224,,,2018-09-25 15:56:10,344932.1185930174,rtanter@comcast.net,2397193,225.0,2335373.0,611406.0
225,,,2018-09-25 00:07:07,479944.53901653993,bolow@aol.com,2397193,226.0,2319386.0,180217.0
226,,,2018-09-26 05:08:19,461111.5727131602,storerm@comcast.net,2397173,227.0,2336242.0,354249.0
227,,,2018-10-07 10:18:46,64376.66326972992,bolow@aol.com,2397173,228.0,2333164.0,318395.0
228,,,2018-10-02 18:12:33,89254.76401710989,portele@verizon.net,2397173,229.0,2326536.0,819146.0
229,,,2018-09-23 14:16:35,94427.36480798062,privcan@outlook.com,2397170,230.0,2336105.0,587292.0
230,,,2018-09-25 08:17:37,82846.28105717138,josem@aol.com,2397170,231.0,2335690.0,956386.0
231,,,2018-09-23 09:04:06,11365.431701886007,ewaters@att.net,2397170,232.0,2327255.0,799559.0
232,,,2018-09-30 13:57:26,76157.92243296203,bolow@aol.com,2397170,233.0,2334858.0,223575.0
233,,,2018-10-05 14:05:31,64675.88671915604,dinther@mac.com,2396374,234.0,2334067.0,272131.0
234,,,2018-09-26 15:49:07,188943.81657898583,dprice@msn.com,2396374,235.0,2331312.0,294766.0
235,,,2018-10-02 04:48:41,119465.68814069977,nasor@yahoo.com,2396374,236.0,2302893.0,211713.0
236,,,2018-09-30 04:43:43,250083.60856115835,floxy@aol.com,2396374,237.0,2323249.0,397999.0
237,,,2018-09-26 23:17:23,219234.15013330773,munson@aol.com,2395218,238.0,2321929.0,153259.0
238,,,2018-09-27 14:37:03,350391.6887033411,library@yahoo.ca,2395218,239.0,2317350.0,334964.0
239,,,2018-10-04 06:04:21,362449.08644926565,stecoop@yahoo.com,2395218,240.0,2264625.0,166929.0
240,,,2018-09-21 06:04:29,470362.0747140855,hllam@yahoo.ca,2395218,241.0,2319539.0,411682.0
241,,,2018-09-21 05:41:14,68682.78129938195,sbmrjbr@gmail.com,2395216,242.0,2320499.0,255480.0
242,,,2018-10-07 21:54:12,38299.62537287672,isotopian@yahoo.com,2395216,243.0,2181714.0,370551.0
243,,,2018-10-01 12:39:51,56106.39460957889,shawnce@yahoo.com,2395216,244.0,2285091.0,517273.0
244,,,2018-10-06 08:05:15,27840.576798353086,rtanter@comcast.net,2395216,245.0,2322271.0,287343.0
245,,,2018-09-30 20:19:27,40240.62191980936,sherzodr@outlook.com,2395216,246.0,2292945.0,156895.0
246,,,2018-10-02 13:20:37,43462.26862100476,isotopian@yahoo.com,2395061,247.0,2310298.0,210024.0
247,,,2018-10-05 18:08:02,291917.5604806037,tbmaddux@comcast.net,2395061,248.0,2317728.0,270829.0
248,,,2018-10-05 14:23:04,431369.41655687935,rkobes@me.com,2395061,249.0,2295429.0,250710.0
249,,,2018-09-20 06:46:49,389799.4931597731,dalamb@att.net,2395061,250.0,2318943.0,199863.0
250,,,2018-09-20 02:45:37,73773.06076303306,telbij@msn.com,2395061,,,
251,,,2018-09-24 19:41:04,365049.0778982083,chlim@icloud.com,2395061,,,
252,,,2018-10-04 21:34:51,298129.1225204976,chlim@icloud.com,2395061,,,
253,,,2018-09-30 05:46:20,48717.23576045541,nasor@yahoo.com,2394763,,,
254,,,2018-09-24 09:31:51,103028.77530462669,rkobes@me.com,2394763,,,
255,,,2018-10-02 14:59:47,91133.51409663002,dprice@msn.com,2394763,,,
256,,,2018-09-30 12:02:18,3670.4895920203726,shawnce@yahoo.com,2394763,,,
257,,,2018-10-04 21:13:34,77337.35464815647,shawnce@yahoo.com,2394763,,,
258,,,2018-09-27 20:19:41,61193.13989578272,dinther@mac.com,2394763,,,
259,,,2018-10-02 07:38:33,87983.49070232829,tbmaddux@comcast.net,2394763,,,
260,,,2018-10-05 21:04:37,11285.132014736586,dprice@msn.com,2394708,,,
261,,,2018-10-01 21:49:43,107462.39061072517,chlim@icloud.com,2394708,,,
262,,,2018-10-03 07:11:15,61975.59389305109,josem@aol.com,2394708,,,
263,,,2018-10-05 23:39:20,98741.8834814872,lstein@sbcglobal.net,2394708,,,
264,,,2018-10-06 08:01:57,332955.3271572078,crusader@yahoo.ca,2394209,,,
265,,,2018-10-02 09:06:45,164622.0048110198,tbeck@yahoo.ca,2394209,,,
266,,,2018-09-25 08:59:10,156766.67606569102,bolow@aol.com,2394209,,,
267,,,2018-09-25 14:34:39,302377.1726416868,lstein@sbcglobal.net,2394209,,,
268,,,2018-09-24 17:39:31,7001.819324394479,crusader@yahoo.ca,2394209,,,
269,,,2018-10-05 07:00:30,19689.86152745475,mahbub@yahoo.com,2394175,,,
270,,,2018-09-30 03:05:24,28156.809259947175,mahbub@yahoo.com,2394175,,,
271,,,2018-10-06 22:56:59,4285.291354084175,rkobes@me.com,2394175,,,
272,,,2018-09-23 14:16:23,33732.8931900582,chlim@icloud.com,2394175,,,
273,,,2018-10-03 09:55:24,32899.66253338729,josem@aol.com,2394175,,,
274,,,2018-10-05 16:34:15,37937.48213506839,mrdvt@outlook.com,2394175,,,
275,,,2018-10-03 07:26:26,38775.73213745468,tbeck@yahoo.ca,2394109,,,
276,,,2018-09-29 00:17:30,11848.127537348253,conteb@att.net,2394109,,,
277,,,2018-09-30 10:32:59,1039.053179442279,zwood@optonline.net,2394109,,,
278,,,2018-09-20 14:38:32,40302.3860122623,cderoove@yahoo.ca,2394109,,,
279,,,2018-09-26 21:10:07,7245.501002642704,crusader@yahoo.ca,2394109,,,
280,,,2018-10-01 06:35:09,39412.724319341614,shawnce@yahoo.com,2394109,,,
281,,,2018-09-21 06:56:33,18237.286224179654,lstein@sbcglobal.net,2394109,,,
282,,,2018-10-06 20:31:16,32602.18958732855,telbij@msn.com,2394109,,,
283,,,2018-10-04 10:13:32,11951.565696055854,isotopian@yahoo.com,2394106,,,
284,,,2018-09-18 12:52:22,35807.53168153176,cderoove@yahoo.ca,2394106,,,
285,,,2018-10-07 13:21:12,54902.58517906801,conteb@att.net,2394106,,,
286,,,2018-10-01 05:44:25,25985.899473402686,floxy@aol.com,2394106,,,
287,,,2018-09-18 21:27:41,34270.4651335139,isaacson@msn.com,2394106,,,
288,,,2018-10-01 03:16:53,8585.952836427774,zwood@optonline.net,2394106,,,
289,,,2018-09-26 09:49:20,299569.0,osrin@msn.com,2394086,,,
290,,,2018-10-07 23:01:27,80353.09959183466,shawnce@yahoo.com,2393782,,,
291,,,2018-09-27 11:25:56,134508.90040816535,isotopian@yahoo.com,2393782,,,
292,,,2018-10-03 22:23:09,30847.685496786085,osrin@msn.com,2393715,,,
293,,,2018-09-28 08:00:22,32598.386140868944,shawnce@yahoo.com,2393715,,,
294,,,2018-09-24 19:01:15,49236.88088394867,floxy@aol.com,2393715,,,
295,,,2018-10-03 11:39:12,26504.050948834647,bolow@aol.com,2393715,,,
296,,,2018-10-05 20:30:54,26073.996529561653,rtanter@comcast.net,2393715,,,
297,,,2018-09-26 16:59:01,554591.0,inico@att.net,2392904,,,
298,,,2018-09-27 16:37:18,192016.76065435665,kodeman@me.com,2392513,,,
299,,,2018-09-22 13:16:53,21870.418739962224,mahbub@yahoo.com,2392513,,,
300,,,2018-09-21 01:09:34,15147.468321697152,kodeman@me.com,2392513,,,
301,,,2018-09-20 08:02:26,34848.352283983964,jnolan@outlook.com,2392513,,,
302,,,2018-10-06 19:43:17,35144.64449947252,rtanter@comcast.net,2392457,,,
303,,,2018-10-02 19:33:55,5855.70540791855,telbij@msn.com,2392457,,,
304,,,2018-09-20 10:14:55,30865.110567142303,cderoove@yahoo.ca,2392457,,,
305,,,2018-09-14 03:08:45,29863.796510145556,dprice@msn.com,2392457,,,
306,,,2018-10-05 06:47:08,29466.52771630911,osrin@msn.com,2392457,,,
307,,,2018-10-02 02:02:32,13473.198204910017,mahbub@yahoo.com,2392457,,,
308,,,2018-09-25 20:16:05,34681.01709410194,mrdvt@outlook.com,2392457,,,
309,,,2018-09-22 14:19:35,2070073.0,jnolan@outlook.com,2392244,,,
310,,,2018-09-25 08:15:42,106077.79039054016,dprice@msn.com,2391476,,,
311,,,2018-09-27 04:32:13,17368.19688300427,library@yahoo.ca,2391476,,,
312,,,2018-10-05 06:59:18,25141.437912877285,library@yahoo.ca,2391476,,,
313,,,2018-10-05 00:27:02,54776.10836759279,rtanter@comcast.net,2391476,,,
314,,,2018-09-24 21:55:38,44243.466445985505,privcan@outlook.com,2391476,,,
315,,,2018-09-30 14:04:51,35111.76947383813,tbeck@yahoo.ca,2391471,,,
316,,,2018-10-03 15:54:41,32900.17476166959,dprice@msn.com,2391471,,,
317,,,2018-09-23 03:17:02,32415.71605008749,ewaters@att.net,2391471,,,
318,,,2018-09-28 09:34:35,717.4421499189358,stecoop@yahoo.com,2391471,,,
319,,,2018-09-29 10:06:33,35197.40386390503,floxy@aol.com,2391471,,,
320,,,2018-09-21 14:59:44,70.45562490561656,rkobes@me.com,2391471,,,
321,,,2018-09-18 09:34:52,15961.511591029248,bolow@aol.com,2391471,,,
322,,,2018-09-30 21:17:29,9896.752908419494,rtanter@comcast.net,2391471,,,
323,,,2018-09-18 00:07:36,10692.773576226471,stecoop@yahoo.com,2391471,,,
324,,,2018-10-04 14:04:02,79589.3326267519,raides@me.com,2391053,,,
325,,,2018-09-29 23:20:58,73852.6673732481,raides@me.com,2391053,,,
326,,,2018-10-04 09:47:28,74561.42766357756,bolow@aol.com,2390226,,,
327,,,2018-09-20 19:00:11,35193.97026938893,shawnce@yahoo.com,2390226,,,
328,,,2018-09-26 02:41:56,6342.320544775775,rtanter@comcast.net,2390226,,,
329,,,2018-10-07 07:27:44,9492.927041292682,dprice@msn.com,2390226,,,
330,,,2018-10-06 21:56:13,40413.35448096503,iamcal@live.com,2390226,,,
331,,,2018-10-01 00:16:53,134984.2783576681,tbmaddux@comcast.net,2389830,,,
332,,,2018-10-01 12:24:31,19923.54010082081,floxy@aol.com,2389830,,,
333,,,2018-10-03 00:01:49,196046.23049344073,dinther@mac.com,2389830,,,
334,,,2018-09-20 20:00:08,190393.5078508947,jpflip@yahoo.ca,2389830,,,
335,,,2018-09-30 08:44:04,17091.443197175606,tbeck@yahoo.ca,2389830,,,
336,,,2018-10-02 10:33:10,50046.99743091127,vmalik@me.com,2389545,,,
337,,,2018-10-01 22:36:07,79653.61881071994,graham@sbcglobal.net,2389545,,,
338,,,2018-09-25 14:40:03,47058.87738330767,lbaxter@msn.com,2389545,,,
339,,,2018-09-25 00:55:02,5070.382282885898,chlim@icloud.com,2389545,,,
340,,,2018-09-25 08:32:29,16217.124092175203,dprice@msn.com,2389545,,,
341,,,2018-10-03 09:45:11,109739.69146374967,rkobes@me.com,2389527,,,
342,,,2018-09-30 07:32:10,266624.4390192809,rkobes@me.com,2389527,,,
343,,,2018-09-28 11:38:18,93268.58360998276,lstein@sbcglobal.net,2389527,,,
344,,,2018-09-29 23:47:14,5209.193263738983,telbij@msn.com,2389527,,,
345,,,2018-09-30 10:07:36,222491.90127769034,dinther@mac.com,2389527,,,
346,,,2018-09-15 17:26:48,307763.30690459063,nasor@yahoo.com,2389527,,,
347,,,2018-09-16 17:22:55,15581.057828712757,conteb@att.net,2389527,,,
348,,,2018-09-27 19:03:07,123922.82663225406,parasite@hotmail.com,2389527,,,
349,,,2018-10-06 18:28:16,38303.97289248956,iamcal@live.com,2389055,,,
350,,,2018-09-20 23:20:53,10584.06538643136,osrin@msn.com,2389055,,,
351,,,2018-09-23 09:31:12,9387.90528528207,rkobes@me.com,2389055,,,
352,,,2018-09-26 21:55:14,42304.34661452523,ewaters@att.net,2389055,,,
353,,,2018-09-24 21:18:21,32049.16676498441,dprice@msn.com,2389055,,,
354,,,2018-10-03 19:00:44,44955.77970522838,floxy@aol.com,2389055,,,
355,,,2018-09-23 17:10:59,6575.945441119525,josem@aol.com,2389055,,,
356,,,2018-09-24 09:30:19,2423.8179099394793,kodeman@me.com,2389055,,,
357,,,2018-10-03 16:21:03,31418.2104625885,inico@att.net,2388914,,,
358,,,2018-09-21 05:21:35,35129.01555758012,mrdvt@outlook.com,2388914,,,
359,,,2018-10-05 19:08:17,29304.28686752336,rkobes@me.com,2388914,,,
360,,,2018-09-17 06:35:14,5358.188525547994,dprice@msn.com,2388914,,,
361,,,2018-09-25 00:45:32,13205.313962579788,shawnce@yahoo.com,2388914,,,
362,,,2018-10-04 22:51:13,35446.87213237023,hllam@yahoo.ca,2388914,,,
363,,,2018-09-23 20:15:35,12005.90726352297,frostman@live.com,2388914,,,
364,,,2018-10-06 22:54:03,5390.205228287048,tbmaddux@comcast.net,2388914,,,
365,,,2018-09-24 09:22:11,5321.773934525082,frostman@live.com,2387890,,,
366,,,2018-09-30 21:47:57,91341.85449401803,ewaters@att.net,2387890,,,
367,,,2018-09-25 10:37:01,75165.3715714569,iamcal@live.com,2387890,,,
368,,,2018-09-20 21:30:13,238355.0,isotopian@yahoo.com,2387720,,,
369,,,2018-10-05 18:13:37,76447.83474296016,cderoove@yahoo.ca,2387640,,,
370,,,2018-10-07 06:28:00,11289.80425275558,inico@att.net,2387640,,,
371,,,2018-10-07 10:17:18,73849.01525458314,storerm@comcast.net,2387640,,,
372,,,2018-09-26 04:22:14,36104.34574970111,inico@att.net,2387640,,,
373,,,2018-09-29 19:48:04,204804.9588665625,library@yahoo.ca,2387578,,,
374,,,2018-10-01 05:41:50,412904.36669279647,parasite@hotmail.com,2387578,,,
375,,,2018-09-26 02:24:00,185116.43187406423,inico@att.net,2387578,,,
376,,,2018-09-21 04:59:16,150151.0274169474,mrdvt@outlook.com,2387578,,,
377,,,2018-09-29 19:12:50,83987.1215953869,jhardin@verizon.net,2387578,,,
378,,,2018-09-29 04:48:52,184211.09355424248,jhardin@verizon.net,2387578,,,
379,,,2018-09-21 05:32:21,20199.539891172146,jpflip@yahoo.ca,2387544,,,
380,,,2018-10-06 05:50:10,28696.48398615528,ewaters@att.net,2387544,,,
381,,,2018-10-04 21:26:51,44857.848430097954,storerm@comcast.net,2387544,,,
382,,,2018-09-24 11:37:40,34412.61500559529,josem@aol.com,2387544,,,
383,,,2018-10-06 13:45:17,43874.630623179575,privcan@outlook.com,2387544,,,
384,,,2018-09-27 16:30:06,71826.88206379979,graham@sbcglobal.net,2387544,,,
385,,,2018-09-23 18:37:47,185519.39605208221,osrin@msn.com,2387476,,,
386,,,2018-09-22 15:47:05,10234.603947917802,graham@sbcglobal.net,2387476,,,
387,,,2018-09-23 20:26:01,38911.00945413316,mrdvt@outlook.com,2386700,,,
388,,,2018-09-23 22:59:28,50040.64142956426,shawnce@yahoo.com,2386700,,,
389,,,2018-10-02 13:29:42,10717.810893973632,isotopian@yahoo.com,2386700,,,
390,,,2018-09-26 20:41:55,68751.13621256434,conteb@att.net,2386700,,,
391,,,2018-09-25 00:16:58,43241.20611713423,cderoove@yahoo.ca,2386700,,,
392,,,2018-10-05 13:24:56,6354.8898396755885,conteb@att.net,2386700,,,
393,,,2018-10-06 06:32:42,55343.68923811671,jhardin@verizon.net,2386700,,,
394,,,2018-09-28 04:18:01,70858.61681483811,cderoove@yahoo.ca,2386700,,,
395,,,2018-10-02 19:51:58,44108.5530106946,bolow@aol.com,2386656,,,
396,,,2018-09-21 16:11:01,2205.9814866775314,jpflip@yahoo.ca,2386656,,,
397,,,2018-10-02 07:53:43,38315.20057211227,privcan@outlook.com,2386656,,,
398,,,2018-10-06 13:26:06,16575.303917892536,lbaxter@msn.com,2386656,,,
399,,,2018-10-07 09:41:13,19544.755402766878,hllam@yahoo.ca,2386656,,,
400,,,2018-09-24 01:34:31,26716.24886855756,lstein@sbcglobal.net,2386656,,,
401,,,2018-09-23 05:20:20,48293.8379876563,dinther@mac.com,2386656,,,
402,,,2018-09-23 12:34:33,41606.11875364234,rkobes@me.com,2386656,,,
403,,,2018-09-25 15:02:47,107772.82438391275,josem@aol.com,2386212,,,
404,,,2018-09-23 07:27:23,201973.78891807012,stecoop@yahoo.com,2386212,,,
405,,,2018-09-30 22:56:29,54727.17681050881,storerm@comcast.net,2386212,,,
406,,,2018-09-28 21:17:58,46013.20988750834,osrin@msn.com,2386212,,,
407,,,2018-10-07 14:51:17,25875.83525219106,nasor@yahoo.com,2385805,,,
408,,,2018-09-21 19:26:44,86299.98776676688,frostman@live.com,2385805,,,
409,,,2018-09-23 02:44:30,7668.622740630304,msherr@hotmail.com,2385805,,,
410,,,2018-10-02 05:23:05,73939.41195179868,jhardin@verizon.net,2385805,,,
411,,,2018-09-27 14:21:53,25326.217945007735,dprice@msn.com,2385805,,,
412,,,2018-09-30 17:40:51,54856.92434360532,storerm@comcast.net,2385805,,,
413,,,2018-10-04 15:44:09,128598.2327440287,tbeck@yahoo.ca,2385318,,,
414,,,2018-09-17 08:00:27,49756.11153803082,josem@aol.com,2385318,,,
415,,,2018-09-20 20:30:49,83249.82361274936,josem@aol.com,2385318,,,
416,,,2018-10-05 16:02:29,210012.74835499373,sbmrjbr@gmail.com,2385318,,,
417,,,2018-10-01 21:05:39,133284.98555855898,mahbub@yahoo.com,2385318,,,
418,,,2018-09-26 02:18:41,216712.44323307456,telbij@msn.com,2385318,,,
419,,,2018-09-29 03:01:18,124843.65495856389,library@yahoo.ca,2385318,,,
420,,,2018-10-02 01:48:31,876143.7589504883,dalamb@att.net,2384892,,,
421,,,2018-10-07 22:25:42,175265.63704726525,tbmaddux@comcast.net,2384892,,,
422,,,2018-10-06 07:45:17,971421.1737733354,iamcal@live.com,2384892,,,
423,,,2018-09-14 11:51:11,1327697.4302289109,hllam@yahoo.ca,2384892,,,
424,,,2018-09-25 23:43:45,66597.27605272127,shawnce@yahoo.com,2384041,,,
425,,,2018-09-25 08:11:46,97981.69834991111,rkobes@me.com,2384041,,,
426,,,2018-09-28 05:51:45,114140.18512703822,rkobes@me.com,2384041,,,
427,,,2018-09-30 20:53:54,118482.47652164422,nasor@yahoo.com,2384041,,,
428,,,2018-10-05 22:57:04,8475.885278219932,mrdvt@outlook.com,2384041,,,
429,,,2018-10-06 16:41:47,147535.15637159863,kodeman@me.com,2384041,,,
430,,,2018-09-27 01:16:07,64549.532962846344,raides@me.com,2384041,,,
431,,,2018-09-25 13:15:19,110892.78933602016,lbaxter@msn.com,2384041,,,
432,,,2018-10-07 00:09:03,105313.43265154515,crusader@yahoo.ca,2384035,,,
433,,,2018-09-24 09:59:52,90342.79945279837,lstein@sbcglobal.net,2384035,,,
434,,,2018-10-02 17:40:17,47932.91906456459,cderoove@yahoo.ca,2384035,,,
435,,,2018-09-29 11:26:52,8495.19312385926,lbaxter@msn.com,2384035,,,
436,,,2018-10-03 17:35:00,52437.31843598109,josem@aol.com,2384035,,,
437,,,2018-10-06 08:15:13,26010.221969519593,iamcal@live.com,2384035,,,
438,,,2018-10-04 12:24:13,53929.11530173189,stecoop@yahoo.com,2384035,,,
439,,,2018-09-28 23:34:32,683758.7316568961,graham@sbcglobal.net,2383910,,,
440,,,2018-10-02 18:15:29,341197.87610191054,sherzodr@outlook.com,2383910,,,
441,,,2018-09-28 15:40:04,314036.7844548604,penna@sbcglobal.net,2383910,,,
442,,,2018-10-07 19:05:58,109901.08098300257,ewaters@att.net,2383910,,,
443,,,2018-09-22 11:04:13,331994.5268033307,osrin@msn.com,2383910,,,
444,,,2018-10-04 08:01:03,421269.8412130497,tbeck@yahoo.ca,2382403,,,
445,,,2018-10-06 17:47:03,278715.31496568647,chlim@icloud.com,2382403,,,
446,,,2018-09-30 12:38:27,207556.8438212638,zwood@optonline.net,2382403,,,
447,,,2018-09-29 21:02:00,12430.746764894853,storerm@comcast.net,2382253,,,
448,,,2018-10-03 08:46:04,14076.479742396841,iamcal@live.com,2382253,,,
449,,,2018-09-21 00:39:16,4974.92005057247,parasite@hotmail.com,2382253,,,
450,,,2018-09-21 17:21:22,3754.371851261059,josem@aol.com,2382253,,,
451,,,2018-10-04 12:55:48,40617.666690877646,sherzodr@outlook.com,2382253,,,
452,,,2018-09-21 09:40:02,32262.977455989363,kodeman@me.com,2382253,,,
453,,,2018-10-04 14:48:39,4067.542899515959,sbmrjbr@gmail.com,2382253,,,
454,,,2018-09-26 12:37:41,30080.133649822936,chlim@icloud.com,2382253,,,
455,,,2018-10-07 00:11:24,27644.160894668847,bolow@aol.com,2382253,,,
456,,,2018-09-25 13:53:43,374381.25265066355,mrdvt@outlook.com,2382074,,,
457,,,2018-10-06 16:49:10,164024.74734933645,isaacson@msn.com,2382074,,,
458,,,2018-09-27 17:29:07,67957.6208821585,raides@me.com,2382038,,,
459,,,2018-10-05 16:50:12,89621.24338055866,conteb@att.net,2382038,,,
460,,,2018-10-05 12:40:28,62242.04914257802,munson@aol.com,2382038,,,
461,,,2018-10-05 14:50:56,66344.01448546581,tbmaddux@comcast.net,2382038,,,
462,,,2018-09-28 09:04:37,91214.07210923899,telbij@msn.com,2382038,,,
463,,,2018-09-27 07:37:07,147974.98002734644,dinther@mac.com,2381500,,,
464,,,2018-10-06 05:01:34,75975.5971899297,isotopian@yahoo.com,2381500,,,
465,,,2018-09-22 01:21:19,52566.42278272385,floxy@aol.com,2381500,,,
466,,,2018-09-29 11:44:26,89058.17139925536,osrin@msn.com,2381467,,,
467,,,2018-10-01 15:43:32,77570.36270111805,jnolan@outlook.com,2381467,,,
468,,,2018-09-25 09:35:05,62674.06946306676,isotopian@yahoo.com,2381467,,,
469,,,2018-09-30 06:30:15,3666.3518043396257,chlim@icloud.com,2381467,,,
470,,,2018-09-25 15:49:35,72635.6092302076,iamcal@live.com,2381467,,,
471,,,2018-09-26 20:28:20,51724.4354020126,vmalik@me.com,2381467,,,
472,,,2018-09-25 09:40:19,48163.6595165256,iamcal@live.com,2380616,,,
473,,,2018-09-20 02:53:57,51247.78254711669,ewaters@att.net,2380616,,,
474,,,2018-09-15 23:50:54,51973.32354756359,josem@aol.com,2380616,,,
475,,,2018-09-30 13:16:40,10241.662286203069,jpflip@yahoo.ca,2380616,,,
476,,,2018-09-23 09:58:30,36687.572102591046,rkobes@me.com,2380616,,,
477,,,2018-10-05 22:44:21,16012.154856725272,isotopian@yahoo.com,2380464,,,
478,,,2018-10-07 19:34:50,91271.47971659007,sbmrjbr@gmail.com,2380464,,,
479,,,2018-09-13 20:18:44,11972.928342142359,lstein@sbcglobal.net,2380464,,,
480,,,2018-09-22 21:41:05,110216.43708454233,floxy@aol.com,2380464,,,
481,,,2018-10-03 23:52:57,150865.54308313032,mrdvt@outlook.com,2380327,,,
482,,,2018-09-29 08:33:49,226117.94124323316,lstein@sbcglobal.net,2380327,,,
483,,,2018-09-20 08:56:37,241889.51567363658,dprice@msn.com,2380327,,,
484,,,2018-09-25 03:05:41,62095.26454419082,tbeck@yahoo.ca,2379853,,,
485,,,2018-10-07 17:27:56,25842.62852485552,josem@aol.com,2379853,,,
486,,,2018-09-26 05:56:14,42028.2072541875,dprice@msn.com,2379853,,,
487,,,2018-09-28 11:19:06,139159.30091657024,vmalik@me.com,2379853,,,
488,,,2018-10-06 05:13:37,152424.20202956846,dprice@msn.com,2379853,,,
489,,,2018-09-21 06:27:32,232696.39673062752,privcan@outlook.com,2379853,,,
490,,,2018-09-25 13:13:14,59260.18774828555,zwood@optonline.net,2378106,,,
491,,,2018-09-29 22:58:01,22304.285217238168,rtanter@comcast.net,2378106,,,
492,,,2018-09-23 13:35:00,66101.13348470382,parasite@hotmail.com,2378106,,,
493,,,2018-10-06 02:02:00,73328.2222291322,lstein@sbcglobal.net,2378106,,,
494,,,2018-10-06 17:17:48,40020.498368913395,bolow@aol.com,2378106,,,
495,,,2018-09-21 08:43:12,20082.36544584792,floxy@aol.com,2378106,,,
496,,,2018-10-01 17:18:50,32827.35163695697,portele@verizon.net,2378106,,,
497,,,2018-09-25 08:08:07,47984.95586892197,inico@att.net,2378106,,,
498,,,2018-09-21 06:45:18,22675.307367026082,tbeck@yahoo.ca,2378018,,,
499,,,2018-10-01 18:57:49,44068.01426589263,mrdvt@outlook.com,2378018,,,
500,,,2018-10-04 20:29:41,31545.19503440474,tbeck@yahoo.ca,2378018,,,
501,,,2018-09-27 07:23:33,61043.63370487117,mahbub@yahoo.com,2378018,,,
502,,,2018-09-20 07:12:46,8713.728615614918,rkobes@me.com,2378018,,,
503,,,2018-10-02 01:41:25,49784.06468288988,rkobes@me.com,2378018,,,
504,,,2018-09-24 10:56:10,25991.102786361196,jnolan@outlook.com,2378018,,,
505,,,2018-09-24 01:56:59,45029.9535429394,conteb@att.net,2378018,,,
506,,,2018-10-02 08:22:02,6341.715087744868,privcan@outlook.com,2377465,,,
507,,,2018-10-02 01:25:55,17930.217904230893,graham@sbcglobal.net,2377465,,,
508,,,2018-09-29 07:10:42,79851.80781745183,crusader@yahoo.ca,2377465,,,
509,,,2018-09-22 15:32:55,73165.30095588302,floxy@aol.com,2377465,,,
510,,,2018-10-02 16:11:35,65501.495164384134,conteb@att.net,2377465,,,
511,,,2018-09-22 21:58:10,30218.564141720897,frostman@live.com,2377465,,,
512,,,2018-09-22 21:28:30,58717.738647222446,tbeck@yahoo.ca,2377465,,,
513,,,2018-10-04 03:21:28,9445.16028136189,jpflip@yahoo.ca,2377465,,,
514,,,2018-10-07 20:26:11,288854.1293665389,dprice@msn.com,2377451,,,
515,,,2018-09-30 07:28:28,3439.8726454449184,chlim@icloud.com,2377451,,,
516,,,2018-09-26 09:21:24,14914.949568976299,osrin@msn.com,2377451,,,
517,,,2018-10-07 14:00:41,220637.41023275416,telbij@msn.com,2377451,,,
518,,,2018-10-04 13:52:22,7722.091196145957,stecoop@yahoo.com,2377451,,,
519,,,2018-09-30 13:14:02,26940.84098991618,rkobes@me.com,2377451,,,
520,,,2018-10-03 19:30:40,156642.69341430545,cderoove@yahoo.ca,2377451,,,
521,,,2018-09-28 19:15:53,204504.34843295257,tbmaddux@comcast.net,2377451,,,
522,,,2018-09-23 07:05:51,203575.6641529654,mrdvt@outlook.com,2377451,,,
523,,,2018-10-03 13:40:18,58348.89556114119,jhardin@verizon.net,2376833,,,
524,,,2018-09-27 12:36:02,214385.35264566945,jpflip@yahoo.ca,2376833,,,
525,,,2018-09-24 11:34:53,175773.8138873635,mrdvt@outlook.com,2376833,,,
526,,,2018-09-24 03:36:18,104555.59238287857,nasor@yahoo.com,2376833,,,
527,,,2018-09-22 21:09:54,146192.11473529311,floxy@aol.com,2376833,,,
528,,,2018-10-03 17:17:33,127936.23078765425,msherr@hotmail.com,2376833,,,
529,,,2018-10-04 01:53:31,390755.3147533801,parasite@hotmail.com,2375791,,,
530,,,2018-09-24 15:42:23,308490.71874726645,chlim@icloud.com,2375791,,,
531,,,2018-09-27 10:25:09,440337.02181703167,inico@att.net,2375791,,,
532,,,2018-09-27 16:36:10,350400.94468232186,storerm@comcast.net,2375791,,,
533,,,2018-10-03 04:42:18,907729.759277249,josem@aol.com,2375308,,,
534,,,2018-09-21 01:34:55,42454.240722750976,portele@verizon.net,2375308,,,
535,,,2018-10-07 12:11:44,41034.91009566274,chlim@icloud.com,2374999,,,
536,,,2018-10-07 14:25:41,166986.7657646979,isaacson@msn.com,2374999,,,
537,,,2018-10-07 15:33:30,187468.10423539055,iamcal@live.com,2374999,,,
538,,,2018-10-06 16:06:52,113651.74493281587,inico@att.net,2374999,,,
539,,,2018-09-23 20:30:52,40491.230174097225,rkobes@me.com,2374999,,,
540,,,2018-09-23 06:09:39,15191.921634771063,tbmaddux@comcast.net,2374999,,,
541,,,2018-10-03 08:07:27,109392.71607212545,isaacson@msn.com,2374999,,,
542,,,2018-09-25 06:51:47,135530.60709043927,vmalik@me.com,2374999,,,
543,,,2018-10-07 09:04:20,71593.61079339216,mahbub@yahoo.com,2374939,,,
544,,,2018-09-21 23:44:15,97746.35506833851,iamcal@live.com,2374939,,,
545,,,2018-09-23 11:46:41,39845.38402385305,lstein@sbcglobal.net,2374939,,,
546,,,2018-10-01 13:10:35,39871.6501144163,floxy@aol.com,2374939,,,
547,,,2018-09-22 15:05:50,43801.88784959063,nasor@yahoo.com,2374711,,,
548,,,2018-09-26 09:24:09,30294.573329556024,privcan@outlook.com,2374711,,,
549,,,2018-09-25 18:02:28,39429.51780992339,hllam@yahoo.ca,2374711,,,
550,,,2018-09-23 06:47:07,35720.60119350442,mrdvt@outlook.com,2374711,,,
551,,,2018-10-06 04:35:27,7160.419817425523,graham@sbcglobal.net,2374711,,,
552,,,2018-09-16 12:51:19,31661.40200837185,storerm@comcast.net,2374152,,,
553,,,2018-09-27 15:30:40,28783.49819060394,bolow@aol.com,2374152,,,
554,,,2018-09-30 18:15:15,96690.0998010242,tbmaddux@comcast.net,2374152,,,
555,,,2018-10-01 14:40:17,213399.0,munson@aol.com,2374078,,,
556,,,2018-09-20 00:18:53,26781.385461141545,zwood@optonline.net,2373246,,,
557,,,2018-09-30 11:41:15,38588.6215308504,isaacson@msn.com,2373246,,,
558,,,2018-09-29 09:19:17,25008.22903408777,penna@sbcglobal.net,2373246,,,
559,,,2018-10-07 01:24:16,43784.26500868928,stecoop@yahoo.com,2373246,,,
560,,,2018-10-03 17:26:04,37593.49896523098,isaacson@msn.com,2373246,,,
561,,,2018-10-06 22:15:12,24426.764294014924,stecoop@yahoo.com,2373236,,,
562,,,2018-09-27 19:43:24,11226.654212524107,frostman@live.com,2373236,,,
563,,,2018-10-02 03:47:10,101387.61194566083,portele@verizon.net,2373236,,,
564,,,2018-09-30 23:23:22,92689.5426896312,chlim@icloud.com,2373236,,,
565,,,2018-10-05 21:39:56,303571.07628023875,storerm@comcast.net,2373236,,,
566,,,2018-09-14 18:28:49,228289.9607422016,osrin@msn.com,2373236,,,
567,,,2018-09-30 03:10:46,32673.05968979981,lstein@sbcglobal.net,2373236,,,
568,,,2018-10-07 00:52:35,100809.59839200912,sherzodr@outlook.com,2373236,,,
569,,,2018-10-07 17:30:16,363420.60047891946,telbij@msn.com,2373236,,,
570,,,2018-09-30 16:58:00,45499.13127500017,floxy@aol.com,2373236,,,
571,,,2018-09-30 04:54:38,125065.65165774555,jnolan@outlook.com,2372522,,,
572,,,2018-09-28 12:40:28,67308.07521845598,crusader@yahoo.ca,2372522,,,
573,,,2018-10-05 10:54:27,192889.39679344516,bolow@aol.com,2372522,,,
574,,,2018-09-25 17:17:21,3650.7811288579564,rkobes@me.com,2372522,,,
575,,,2018-09-26 12:56:45,46698.87288060539,osrin@msn.com,2372522,,,
576,,,2018-09-22 10:49:30,90274.22232088998,frostman@live.com,2372522,,,
577,,,2018-10-01 11:35:59,2261407.218810463,dalamb@att.net,2372181,,,
578,,,2018-10-03 23:12:45,1007181.057553113,chlim@icloud.com,2372181,,,
579,,,2018-10-03 23:21:30,2460886.986850319,zwood@optonline.net,2372181,,,
580,,,2018-09-21 11:19:44,158427.7050422412,zwood@optonline.net,2372181,,,
581,,,2018-09-24 06:05:33,2024400.031743863,inico@att.net,2372181,,,
582,,,2018-10-02 14:31:06,109295.47880154714,tbmaddux@comcast.net,2371816,,,
583,,,2018-09-30 08:53:32,26742.85461639573,telbij@msn.com,2371816,,,
584,,,2018-09-20 01:56:59,57937.029869190366,kodeman@me.com,2371816,,,
585,,,2018-10-05 01:42:13,136876.63671286675,lstein@sbcglobal.net,2371816,,,
586,,,2018-09-19 02:08:34,2370.003976214994,lbaxter@msn.com,2371633,,,
587,,,2018-09-26 20:47:57,88585.8945998421,isaacson@msn.com,2371633,,,
588,,,2018-09-28 16:03:43,108083.1014239429,iamcal@live.com,2371633,,,
589,,,2018-09-30 09:34:24,59506.73350080855,mrdvt@outlook.com,2371279,,,
590,,,2018-09-21 07:48:46,21002.856627788853,dprice@msn.com,2371279,,,
591,,,2018-09-29 11:17:32,51007.904020305454,jhardin@verizon.net,2371279,,,
592,,,2018-09-24 15:38:03,68865.50585109716,vmalik@me.com,2371279,,,
593,,,2018-10-01 14:05:54,208369.0,penna@sbcglobal.net,2370551,,,
594,,,2018-09-29 23:44:28,1879463.0282977708,josem@aol.com,2370538,,,
595,,,2018-10-03 20:34:20,1124603.9717022292,rtanter@comcast.net,2370538,,,
596,,,2018-09-23 03:58:14,6145.458520155691,isaacson@msn.com,2370494,,,
597,,,2018-10-01 16:00:58,100311.32176716304,rkobes@me.com,2370494,,,
598,,,2018-10-07 19:27:19,106833.046723173,josem@aol.com,2370494,,,
599,,,2018-09-14 22:17:07,66936.5544419307,chlim@icloud.com,2370494,,,
600,,,2018-09-24 20:39:33,83356.61854757757,parasite@hotmail.com,2370494,,,
601,,,2018-10-03 04:16:18,82818.47441745971,mrdvt@outlook.com,2370422,,,
602,,,2018-09-30 14:48:09,193203.26780181835,nasor@yahoo.com,2370422,,,
603,,,2018-09-15 15:37:36,81780.2282863001,penna@sbcglobal.net,2370422,,,
604,,,2018-10-04 19:44:50,113698.0294944218,library@yahoo.ca,2370422,,,
605,,,2018-10-05 14:03:43,31786.23864511582,tbeck@yahoo.ca,2370077,,,
606,,,2018-10-07 12:46:45,31440.749467648577,portele@verizon.net,2370077,,,
607,,,2018-09-14 23:06:44,19293.88562018694,isotopian@yahoo.com,2370077,,,
608,,,2018-10-02 11:23:31,63079.96336139896,hllam@yahoo.ca,2370077,,,
609,,,2018-10-05 14:23:35,30679.725384599995,iamcal@live.com,2370077,,,
610,,,2018-09-30 05:59:40,65377.3362182332,jpflip@yahoo.ca,2370077,,,
611,,,2018-10-02 19:15:45,3687.101302816519,dprice@msn.com,2370077,,,
612,,,2018-10-03 15:29:52,98478.12128716223,sherzodr@outlook.com,2369791,,,
613,,,2018-10-04 11:15:05,61019.37543863056,msherr@hotmail.com,2369791,,,
614,,,2018-09-23 11:39:59,96274.53910462403,sherzodr@outlook.com,2369791,,,
615,,,2018-10-05 17:06:24,106985.06424892755,lbaxter@msn.com,2369791,,,
616,,,2018-09-27 04:15:52,40587.44001848952,isotopian@yahoo.com,2369791,,,
617,,,2018-10-01 04:40:44,54665.45990216614,vmalik@me.com,2369791,,,
618,,,2018-09-28 06:20:20,300989.54770513816,lstein@sbcglobal.net,2369565,,,
619,,,2018-10-07 02:52:09,56460.8526226886,mrdvt@outlook.com,2369565,,,
620,,,2018-09-21 03:58:22,201352.65389074304,jpflip@yahoo.ca,2369565,,,
621,,,2018-09-20 09:29:07,263841.72274795984,dinther@mac.com,2369565,,,
622,,,2018-10-02 02:07:03,213012.49507728653,isaacson@msn.com,2369565,,,
623,,,2018-10-03 21:36:27,295141.6407112146,dinther@mac.com,2369565,,,
624,,,2018-09-27 12:27:02,222656.0872449691,stecoop@yahoo.com,2369565,,,
625,,,2018-10-06 19:12:36,13266.887003277401,iamcal@live.com,2368865,,,
626,,,2018-09-20 08:00:20,120934.9154729809,jhardin@verizon.net,2368865,,,
627,,,2018-10-05 12:23:27,235735.33306608722,raides@me.com,2368865,,,
628,,,2018-09-21 05:33:49,220740.86445765442,hllam@yahoo.ca,2368865,,,
629,,,2018-09-24 03:51:54,94427.27178679996,hllam@yahoo.ca,2368018,,,
630,,,2018-10-06 04:08:31,28601.557512917192,munson@aol.com,2368018,,,
631,,,2018-09-27 06:30:43,42874.170700282855,raides@me.com,2368018,,,
632,,,2018-10-03 03:18:40,59430.16132056554,ewaters@att.net,2368016,,,
633,,,2018-10-06 11:43:39,82123.25657299561,osrin@msn.com,2368016,,,
634,,,2018-09-24 17:03:59,19164.582106438836,chlim@icloud.com,2368016,,,
635,,,2018-10-02 15:51:12,263669.12822125986,jnolan@outlook.com,2368013,,,
636,,,2018-10-04 00:23:35,147163.09168380985,cderoove@yahoo.ca,2368013,,,
637,,,2018-10-06 21:21:05,105079.0091092631,lbaxter@msn.com,2368013,,,
638,,,2018-10-03 22:07:41,195591.22686329344,osrin@msn.com,2368013,,,
639,,,2018-09-23 17:02:35,95495.54412237371,mahbub@yahoo.com,2368013,,,
640,,,2018-10-06 10:55:11,61937.47798865601,stecoop@yahoo.com,2368007,,,
641,,,2018-09-23 00:34:08,362835.30032770406,telbij@msn.com,2368007,,,
642,,,2018-09-29 16:35:36,81559.22168363995,library@yahoo.ca,2368007,,,
643,,,2018-09-20 11:10:32,146910.7139678443,vmalik@me.com,2367107,,,
644,,,2018-10-04 17:02:38,69176.14555387717,nasor@yahoo.com,2367107,,,
645,,,2018-09-23 20:07:24,98713.30002752501,msherr@hotmail.com,2367107,,,
646,,,2018-09-29 03:05:27,129538.42060589028,kodeman@me.com,2367107,,,
647,,,2018-09-20 11:24:02,1034.3514041136534,zwood@optonline.net,2367107,,,
648,,,2018-09-22 17:36:47,40765.552775737146,rtanter@comcast.net,2367107,,,
649,,,2018-10-07 11:52:18,109777.94755096984,ewaters@att.net,2367107,,,
650,,,2018-10-07 11:50:19,11223.568114042575,storerm@comcast.net,2367107,,,
651,,,2018-09-15 22:45:38,47642.961037500434,josem@aol.com,2367067,,,
652,,,2018-09-25 15:28:00,112596.32484866673,tbmaddux@comcast.net,2367067,,,
653,,,2018-09-28 20:27:52,90294.71411383282,rkobes@me.com,2367067,,,
654,,,2018-10-01 05:47:44,67068.15205577092,raides@me.com,2367052,,,
655,,,2018-10-02 15:49:30,86894.97729614234,rkobes@me.com,2367052,,,
656,,,2018-09-28 18:41:05,81712.91635242304,portele@verizon.net,2367052,,,
657,,,2018-09-22 18:45:56,101732.65213143383,zwood@optonline.net,2367052,,,
658,,,2018-09-20 07:32:10,108792.948353678,jhardin@verizon.net,2367052,,,
659,,,2018-09-18 15:05:45,5569.416397264312,dinther@mac.com,2367052,,,
660,,,2018-09-20 19:47:23,71952.9374132876,chlim@icloud.com,2367052,,,
661,,,2018-09-21 18:50:51,29074.165283353108,lbaxter@msn.com,2366367,,,
662,,,2018-09-29 08:14:10,45173.46871933171,vmalik@me.com,2366367,,,
663,,,2018-10-02 08:45:53,8567.493329198827,mahbub@yahoo.com,2366367,,,
664,,,2018-09-25 14:28:35,28655.68838346445,lstein@sbcglobal.net,2366367,,,
665,,,2018-09-23 05:19:15,52257.50209207027,cderoove@yahoo.ca,2366367,,,
666,,,2018-09-22 13:42:00,58478.13172480869,cderoove@yahoo.ca,2366367,,,
667,,,2018-10-07 21:09:49,44398.55046777293,graham@sbcglobal.net,2366367,,,
668,,,2018-10-07 15:13:00,64973.422592455616,msherr@hotmail.com,2365563,,,
669,,,2018-09-23 22:42:36,50722.218380365135,storerm@comcast.net,2365563,,,
670,,,2018-10-06 23:03:58,26635.950776115347,tbmaddux@comcast.net,2365563,,,
671,,,2018-09-26 12:18:46,57514.87177471627,jhardin@verizon.net,2365563,,,
672,,,2018-09-29 12:39:48,155526.37269831187,munson@aol.com,2365563,,,
673,,,2018-10-06 01:11:41,149881.54116141403,bolow@aol.com,2365563,,,
674,,,2018-10-07 00:45:10,98418.94598794392,jnolan@outlook.com,2365563,,,
675,,,2018-09-21 12:44:09,22515.676628677855,tbeck@yahoo.ca,2365563,,,
676,,,2018-09-14 13:15:10,148794.00401535674,lbaxter@msn.com,2365150,,,
677,,,2018-10-04 12:12:46,16298.09995285791,mahbub@yahoo.com,2365150,,,
678,,,2018-10-02 03:11:01,351166.4765481112,munson@aol.com,2365150,,,
679,,,2018-09-27 19:15:25,473040.7535480339,stecoop@yahoo.com,2365150,,,
680,,,2018-09-28 23:28:07,380154.66593564034,privcan@outlook.com,2365150,,,
681,,,2018-09-20 16:48:49,26623.374685840347,penna@sbcglobal.net,2365139,,,
682,,,2018-09-23 21:29:40,43709.38367672059,sbmrjbr@gmail.com,2365139,,,
683,,,2018-09-26 04:54:19,63136.21164387512,munson@aol.com,2365139,,,
684,,,2018-10-04 11:04:20,75232.80310742925,rtanter@comcast.net,2365139,,,
685,,,2018-10-07 19:18:29,58010.35039212398,crusader@yahoo.ca,2365139,,,
686,,,2018-09-30 00:54:28,23541.87649401072,vmalik@me.com,2365139,,,
687,,,2018-09-28 14:33:51,369667.13775865856,graham@sbcglobal.net,2365028,,,
688,,,2018-09-24 12:43:20,228572.16938981306,tbmaddux@comcast.net,2365028,,,
689,,,2018-09-24 15:08:28,144279.09983738232,dinther@mac.com,2365028,,,
690,,,2018-10-05 02:44:46,372679.9357562047,sherzodr@outlook.com,2365028,,,
691,,,2018-09-24 10:17:52,35553.65725794149,sherzodr@outlook.com,2365028,,,
692,,,2018-10-03 17:09:36,55638.45538497548,tbeck@yahoo.ca,2364768,,,
693,,,2018-10-07 04:02:23,46043.235094840136,isotopian@yahoo.com,2364768,,,
694,,,2018-09-22 20:44:56,95628.18708289858,bolow@aol.com,2364768,,,
695,,,2018-10-06 00:30:56,104873.1224372858,chlim@icloud.com,2364768,,,
696,,,2018-09-30 20:47:19,52532.80872702565,conteb@att.net,2364706,,,
697,,,2018-09-29 01:36:36,273666.94184606883,dinther@mac.com,2364706,,,
698,,,2018-09-21 07:58:35,299203.63247779076,mrdvt@outlook.com,2364706,,,
699,,,2018-09-28 17:49:19,204772.1378567381,nasor@yahoo.com,2364706,,,
700,,,2018-10-06 06:13:12,138229.72701001927,penna@sbcglobal.net,2364706,,,
701,,,2018-09-29 07:40:42,192200.75208235753,jhardin@verizon.net,2364706,,,
702,,,2018-09-22 14:09:26,724113.7724761316,parasite@hotmail.com,2364500,,,
703,,,2018-09-20 05:27:31,1422908.7914128026,storerm@comcast.net,2364500,,,
704,,,2018-09-30 00:27:33,2147793.4361110656,iamcal@live.com,2364500,,,
705,,,2018-09-28 05:38:37,184111.40544491753,kodeman@me.com,2364288,,,
706,,,2018-09-25 16:53:18,617782.633395361,dalamb@att.net,2364288,,,
707,,,2018-09-25 16:42:15,252217.3284289853,isotopian@yahoo.com,2364288,,,
708,,,2018-09-26 06:58:27,133183.63273073602,zwood@optonline.net,2364288,,,
709,,,2018-10-01 09:45:31,27154.976334032457,privcan@outlook.com,2363979,,,
710,,,2018-10-03 09:20:30,24272.107583426492,sherzodr@outlook.com,2363979,,,
711,,,2018-09-20 00:58:43,37662.140253921854,nasor@yahoo.com,2363979,,,
712,,,2018-09-22 09:53:31,8020.820053623021,privcan@outlook.com,2363979,,,
713,,,2018-10-04 11:14:37,32831.08316840204,stecoop@yahoo.com,2363979,,,
714,,,2018-10-07 21:12:20,39544.87260659413,portele@verizon.net,2363979,,,
715,,,2018-09-21 04:29:55,59276.69891403925,rkobes@me.com,2363961,,,
716,,,2018-10-06 20:42:38,45045.417677559584,msherr@hotmail.com,2363961,,,
717,,,2018-09-25 12:21:12,462.2293956563024,privcan@outlook.com,2363961,,,
718,,,2018-10-01 04:50:45,15396.2065892913,isotopian@yahoo.com,2363961,,,
719,,,2018-09-30 06:17:29,104172.55518531156,mrdvt@outlook.com,2363961,,,
720,,,2018-09-13 08:32:08,33549.225356773066,bolow@aol.com,2363961,,,
721,,,2018-10-07 12:30:23,31891.666881368936,jpflip@yahoo.ca,2363961,,,
722,,,2018-09-26 11:33:38,57133.887157648634,nasor@yahoo.com,2363735,,,
723,,,2018-09-21 13:46:23,34101.085797780564,lstein@sbcglobal.net,2363735,,,
724,,,2018-09-29 07:24:19,23940.019820170633,nasor@yahoo.com,2363735,,,
725,,,2018-10-02 01:47:28,38946.92773943006,iamcal@live.com,2363735,,,
726,,,2018-09-27 00:01:40,15932.079484970123,jhardin@verizon.net,2363735,,,
727,,,2018-09-17 05:22:11,46013.36537470944,jpflip@yahoo.ca,2363701,,,
728,,,2018-09-24 13:15:51,74912.4342082918,portele@verizon.net,2363701,,,
729,,,2018-09-30 10:49:27,75591.73535030022,parasite@hotmail.com,2363701,,,
730,,,2018-09-30 16:26:16,118989.08455246204,storerm@comcast.net,2363701,,,
731,,,2018-09-26 21:26:51,78196.38051423655,lbaxter@msn.com,2363701,,,
732,,,2018-10-06 10:13:59,407393.0,josem@aol.com,2363545,,,
733,,,2018-10-05 17:47:32,7181.746011982672,privcan@outlook.com,2362695,,,
734,,,2018-09-16 16:25:57,61460.13667425513,portele@verizon.net,2362695,,,
735,,,2018-10-05 12:11:06,22473.57890853635,dalamb@att.net,2362695,,,
736,,,2018-09-14 14:35:05,58576.33962653277,shawnce@yahoo.com,2362695,,,
737,,,2018-10-05 07:18:19,58448.49500427856,bolow@aol.com,2362695,,,
738,,,2018-09-23 09:51:59,13857.963628595022,vmalik@me.com,2362695,,,
739,,,2018-10-01 11:06:39,40466.74014581948,parasite@hotmail.com,2362695,,,
740,,,2018-09-17 07:15:53,100507.47395396465,frostman@live.com,2362681,,,
741,,,2018-09-16 10:58:51,79144.52604603533,cderoove@yahoo.ca,2362681,,,
742,,,2018-09-16 16:35:20,2864.2163350322708,lstein@sbcglobal.net,2362621,,,
743,,,2018-10-01 13:13:06,114273.0206874235,penna@sbcglobal.net,2362621,,,
744,,,2018-09-26 17:08:48,46296.76297754423,msherr@hotmail.com,2362621,,,
745,,,2018-09-30 12:20:15,13706.122646319338,inico@att.net,2362232,,,
746,,,2018-10-07 16:25:19,30221.705245861,jpflip@yahoo.ca,2362232,,,
747,,,2018-09-21 10:51:37,28756.785562748086,hllam@yahoo.ca,2362232,,,
748,,,2018-09-17 05:40:25,37297.9628244788,iamcal@live.com,2362232,,,
749,,,2018-09-19 15:44:55,37763.86090699935,dinther@mac.com,2362232,,,
750,,,2018-10-01 11:19:33,40908.56281359343,frostman@live.com,2362232,,,
751,,,2018-09-23 18:56:05,118567.36236371606,rtanter@comcast.net,2362162,,,
752,,,2018-10-03 07:31:07,3559.818792116271,portele@verizon.net,2362162,,,
753,,,2018-09-25 09:48:35,194401.88902654735,rkobes@me.com,2362162,,,
754,,,2018-10-01 00:11:33,140311.92981762032,iamcal@live.com,2362162,,,
755,,,2018-10-06 22:59:31,63704.993551281514,sbmrjbr@gmail.com,2361184,,,
756,,,2018-09-20 20:37:30,22824.244007485806,stecoop@yahoo.com,2361184,,,
757,,,2018-10-05 19:21:00,14538.018651025974,library@yahoo.ca,2361184,,,
758,,,2018-09-26 20:30:02,14621.121648490222,portele@verizon.net,2361184,,,
759,,,2018-09-21 11:42:58,23452.852914530155,penna@sbcglobal.net,2361184,,,
760,,,2018-10-01 10:32:45,26636.769227186305,raides@me.com,2361184,,,
761,,,2018-10-01 08:33:15,91163.43758165304,cderoove@yahoo.ca,2361081,,,
762,,,2018-09-26 02:48:24,47181.14728323356,ewaters@att.net,2361081,,,
763,,,2018-09-25 22:10:06,30159.415135113417,ewaters@att.net,2361081,,,
764,,,2018-09-27 11:27:18,52339.49243911865,floxy@aol.com,2361061,,,
765,,,2018-10-01 08:07:08,16241.841782692072,vmalik@me.com,2361061,,,
766,,,2018-09-24 18:48:24,19741.446686544303,crusader@yahoo.ca,2361061,,,
767,,,2018-09-13 06:09:57,47324.486129170145,lstein@sbcglobal.net,2361061,,,
768,,,2018-09-26 00:11:41,18212.7452666897,iamcal@live.com,2361061,,,
769,,,2018-09-28 00:07:51,7034.905060429866,telbij@msn.com,2361061,,,
770,,,2018-10-01 13:59:24,34863.082635355255,zwood@optonline.net,2361061,,,
771,,,2018-10-05 16:43:46,45383.62103408713,ewaters@att.net,2360713,,,
772,,,2018-09-26 21:13:32,100682.1970381641,iamcal@live.com,2360713,,,
773,,,2018-10-01 20:33:07,181748.18192774872,iamcal@live.com,2360713,,,
774,,,2018-09-29 02:32:17,106873.3534952853,isaacson@msn.com,2360309,,,
775,,,2018-09-22 00:33:50,167758.72101529554,conteb@att.net,2360309,,,
776,,,2018-09-24 03:26:34,182979.9254894192,tbmaddux@comcast.net,2360309,,,
777,,,2018-10-04 18:50:37,142359.59849604912,isaacson@msn.com,2358558,,,
778,,,2018-10-07 17:47:08,22115.108283649155,graham@sbcglobal.net,2358558,,,
779,,,2018-09-28 07:50:53,119864.29322030173,tbmaddux@comcast.net,2358558,,,
780,,,2018-09-29 17:40:40,58697.58006534377,tbmaddux@comcast.net,2358496,,,
781,,,2018-09-26 17:53:38,97992.41993465624,nasor@yahoo.com,2358496,,,
782,,,2018-09-24 00:07:10,146844.58373788252,portele@verizon.net,2358236,,,
783,,,2018-09-25 11:40:09,156762.41626211748,jhardin@verizon.net,2358236,,,
784,,,2018-10-03 03:23:22,88434.86761652892,dalamb@att.net,2358226,,,
785,,,2018-09-30 06:43:40,206157.46427384706,lstein@sbcglobal.net,2358226,,,
786,,,2018-10-07 12:48:23,30030.94932947844,storerm@comcast.net,2358226,,,
787,,,2018-09-23 03:38:54,202837.02267725568,penna@sbcglobal.net,2358226,,,
788,,,2018-10-01 01:20:32,23495.857249994242,inico@att.net,2358226,,,
789,,,2018-09-30 12:45:20,63027.14765528074,mahbub@yahoo.com,2358226,,,
790,,,2018-09-22 16:59:09,158081.26798708361,nasor@yahoo.com,2358226,,,
791,,,2018-09-28 11:00:13,179779.77915727938,graham@sbcglobal.net,2358226,,,
792,,,2018-09-21 22:18:02,82970.37865731887,isaacson@msn.com,2358226,,,
793,,,2018-10-02 04:54:50,177014.894027991,chlim@icloud.com,2358226,,,
794,,,2018-10-06 11:05:21,136481.37136794213,bolow@aol.com,2358226,,,
795,,,2018-09-23 08:05:19,504221.7353143685,vmalik@me.com,2358166,,,
796,,,2018-10-06 10:18:17,126189.57251303112,crusader@yahoo.ca,2358166,,,
797,,,2018-09-20 09:42:49,228630.9681600938,munson@aol.com,2358166,,,
798,,,2018-09-27 12:22:14,714709.8005687105,iamcal@live.com,2358166,,,
799,,,2018-10-01 01:02:46,155215.53428341786,frostman@live.com,2358166,,,
800,,,2018-09-21 13:39:18,215393.6952947455,frostman@live.com,2358166,,,
801,,,2018-10-07 14:30:01,911216.6938656328,library@yahoo.ca,2358166,,,
802,,,2018-10-07 08:17:05,227474.0,parasite@hotmail.com,2358101,,,
803,,,2018-09-29 17:54:39,11618.04360452581,raides@me.com,2357860,,,
804,,,2018-09-27 20:45:31,4113.569630736224,chlim@icloud.com,2357860,,,
805,,,2018-09-14 12:34:16,35187.26201450894,cderoove@yahoo.ca,2357860,,,
806,,,2018-09-24 11:25:21,38677.932909124,mrdvt@outlook.com,2357860,,,
807,,,2018-10-04 03:19:10,32080.007397947313,tbmaddux@comcast.net,2357860,,,
808,,,2018-10-06 01:33:14,6875.067151832037,kodeman@me.com,2357860,,,
809,,,2018-10-04 05:45:12,39927.15748943844,dprice@msn.com,2357860,,,
810,,,2018-10-05 17:12:51,23754.664595783484,lstein@sbcglobal.net,2357860,,,
811,,,2018-10-03 16:19:16,40057.29520610378,sherzodr@outlook.com,2357860,,,
812,,,2018-09-24 08:45:45,39124.56022900919,mahbub@yahoo.com,2357807,,,
813,,,2018-09-18 23:48:12,126480.70965222504,hllam@yahoo.ca,2357807,,,
814,,,2018-09-20 10:26:57,59119.730118765736,sbmrjbr@gmail.com,2357807,,,
815,,,2018-09-29 21:40:44,30265.92930718235,shawnce@yahoo.com,2356410,,,
816,,,2018-10-03 05:33:48,131405.46602798186,tbmaddux@comcast.net,2356410,,,
817,,,2018-10-06 17:29:31,126727.6762967867,msherr@hotmail.com,2356410,,,
818,,,2018-09-22 16:44:22,122003.25900273513,sherzodr@outlook.com,2356410,,,
819,,,2018-09-27 01:39:14,89795.66936531395,sherzodr@outlook.com,2356410,,,
820,,,2018-09-27 13:25:50,100884.10283506432,kodeman@me.com,2356353,,,
821,,,2018-09-21 06:04:35,175448.2762870991,parasite@hotmail.com,2356353,,,
822,,,2018-10-06 01:18:50,5563.864761693948,floxy@aol.com,2356353,,,
823,,,2018-09-29 12:43:27,145225.75611614258,parasite@hotmail.com,2356353,,,
824,,,2018-09-30 10:59:46,68414.34684729337,parasite@hotmail.com,2356238,,,
825,,,2018-09-24 08:50:24,239412.36425197558,jhardin@verizon.net,2356238,,,
826,,,2018-09-27 01:54:23,307441.98619749135,mahbub@yahoo.com,2356238,,,
827,,,2018-10-01 13:59:22,316960.5718290205,vmalik@me.com,2356238,,,
828,,,2018-09-27 20:39:38,284233.1218886729,portele@verizon.net,2356238,,,
829,,,2018-09-29 18:27:59,161332.5577099825,conteb@att.net,2356238,,,
830,,,2018-09-23 00:18:02,317231.05127556366,zwood@optonline.net,2356238,,,
831,,,2018-10-04 07:52:19,23312.365519736482,lbaxter@msn.com,2356143,,,
832,,,2018-10-02 08:17:15,225976.1393668028,tbeck@yahoo.ca,2356143,,,
833,,,2018-09-26 04:56:44,122499.95220235265,frostman@live.com,2356143,,,
834,,,2018-10-06 00:29:55,36087.54291110814,mahbub@yahoo.com,2356143,,,
835,,,2018-10-07 09:08:34,32285.05096497652,dprice@msn.com,2355975,,,
836,,,2018-09-29 18:11:12,34253.32737894173,mrdvt@outlook.com,2355975,,,
837,,,2018-09-17 23:55:22,35163.73404827234,conteb@att.net,2355975,,,
838,,,2018-10-01 15:20:11,59227.88760780942,portele@verizon.net,2355975,,,
839,,,2018-09-23 04:07:56,1508729.714710738,munson@aol.com,2355841,,,
840,,,2018-09-23 17:24:45,128751.98762723275,crusader@yahoo.ca,2355841,,,
841,,,2018-10-05 13:59:24,112287.13078774948,raides@me.com,2355841,,,
842,,,2018-09-21 10:22:09,1100182.1668742797,conteb@att.net,2355841,,,
843,,,2018-10-02 01:51:54,110150.5504041843,msherr@hotmail.com,2355738,,,
844,,,2018-10-03 08:09:46,174476.25310200124,mrdvt@outlook.com,2355738,,,
845,,,2018-10-02 18:16:22,19353.19649381445,telbij@msn.com,2355738,,,
846,,,2018-10-05 02:47:11,48427.3211009307,shawnce@yahoo.com,2355430,,,
847,,,2018-09-17 01:30:37,52785.501033092536,stecoop@yahoo.com,2355430,,,
848,,,2018-09-30 02:41:47,18879.652011966406,cderoove@yahoo.ca,2355430,,,
849,,,2018-09-23 21:29:17,53430.51528515647,stecoop@yahoo.com,2355430,,,
850,,,2018-10-02 04:29:00,14118.522808695156,munson@aol.com,2355430,,,
851,,,2018-10-04 06:31:09,1338.4877601587493,zwood@optonline.net,2355430,,,
852,,,2018-10-07 20:11:21,59518.00075671473,chlim@icloud.com,2355375,,,
853,,,2018-10-02 16:55:51,62880.517611742376,vmalik@me.com,2355375,,,
854,,,2018-09-26 17:36:47,29753.279662166504,cderoove@yahoo.ca,2355375,,,
855,,,2018-10-01 18:04:12,24227.085903463696,telbij@msn.com,2355375,,,
856,,,2018-10-05 13:44:39,26368.594517538433,jpflip@yahoo.ca,2355375,,,
857,,,2018-10-02 03:58:32,66552.93975139473,sherzodr@outlook.com,2355375,,,
858,,,2018-10-05 13:30:35,7632.581796979507,conteb@att.net,2355375,,,
859,,,2018-09-30 08:28:09,297740.8086328856,rkobes@me.com,2355179,,,
860,,,2018-09-28 21:13:56,454400.08195716806,storerm@comcast.net,2355179,,,
861,,,2018-09-13 21:18:50,339037.6492935682,iamcal@live.com,2355179,,,
862,,,2018-09-23 13:13:30,156705.72721188352,tbeck@yahoo.ca,2355179,,,
863,,,2018-09-25 21:07:34,78887.73290449448,shawnce@yahoo.com,2355179,,,
864,,,2018-09-24 13:57:21,4921.552605500657,isaacson@msn.com,2354613,,,
865,,,2018-10-04 00:09:03,491311.6898280465,lstein@sbcglobal.net,2354613,,,
866,,,2018-09-20 06:31:37,216042.37853152194,frostman@live.com,2354613,,,
867,,,2018-09-22 07:42:18,555671.1491864483,kodeman@me.com,2354613,,,
868,,,2018-09-26 20:16:27,80573.62800438375,lbaxter@msn.com,2354613,,,
869,,,2018-09-22 22:41:06,107558.60184409877,sbmrjbr@gmail.com,2354613,,,
870,,,2018-09-28 13:33:06,2066.200427262029,nasor@yahoo.com,2354488,,,
871,,,2018-10-03 09:17:29,100360.53319552274,privcan@outlook.com,2354488,,,
872,,,2018-09-27 23:30:54,48820.63193749706,rkobes@me.com,2354488,,,
873,,,2018-10-01 16:29:19,85084.93049191197,telbij@msn.com,2354488,,,
874,,,2018-09-21 12:58:42,61463.94025962794,chlim@icloud.com,2354488,,,
875,,,2018-10-07 09:17:30,29479.111572387046,portele@verizon.net,2354488,,,
876,,,2018-09-23 07:49:59,72042.91515227308,jnolan@outlook.com,2354488,,,
877,,,2018-09-26 10:46:14,47023.73696351809,zwood@optonline.net,2354488,,,
878,,,2018-09-28 00:31:50,71902.2427114896,stecoop@yahoo.com,2354447,,,
879,,,2018-09-20 18:38:18,39741.63882317206,parasite@hotmail.com,2354447,,,
880,,,2018-10-07 11:19:27,122223.34150877106,raides@me.com,2354447,,,
881,,,2018-09-30 12:09:33,174807.82879610866,mahbub@yahoo.com,2354447,,,
882,,,2018-10-06 23:50:39,246222.49796432845,kodeman@me.com,2354447,,,
883,,,2018-09-30 23:42:15,170374.39097037652,stecoop@yahoo.com,2354447,,,
884,,,2018-09-30 22:42:19,94612.0592257537,dprice@msn.com,2354447,,,
885,,,2018-10-06 02:38:20,56988.62855373113,storerm@comcast.net,2353243,,,
886,,,2018-09-23 23:43:59,36333.49996479184,conteb@att.net,2353243,,,
887,,,2018-09-18 12:15:54,77013.59440680691,privcan@outlook.com,2353243,,,
888,,,2018-09-22 05:53:35,63036.27707467012,mahbub@yahoo.com,2353243,,,
889,,,2018-10-02 22:18:06,75617.82760341164,munson@aol.com,2353218,,,
890,,,2018-09-27 20:20:56,50131.89653718523,lstein@sbcglobal.net,2353218,,,
891,,,2018-09-22 06:37:05,58262.430076037665,dalamb@att.net,2353218,,,
892,,,2018-09-26 12:53:56,29773.78782975521,sbmrjbr@gmail.com,2353218,,,
893,,,2018-09-29 05:14:24,64136.94721665799,josem@aol.com,2353218,,,
894,,,2018-10-07 13:11:18,60933.71704603625,tbeck@yahoo.ca,2353218,,,
895,,,2018-09-20 17:02:41,42582.402260576106,rkobes@me.com,2353218,,,
896,,,2018-09-15 18:05:24,72150.07844569685,shawnce@yahoo.com,2353218,,,
897,,,2018-10-04 08:29:09,5291.9129846430715,shawnce@yahoo.com,2353218,,,
898,,,2018-09-18 01:19:32,50345.26304477058,munson@aol.com,2352725,,,
899,,,2018-09-27 15:05:53,28397.973530415115,mahbub@yahoo.com,2352725,,,
900,,,2018-09-21 04:28:44,2818.1138205367247,bolow@aol.com,2352725,,,
901,,,2018-10-03 21:03:56,16418.160994991205,munson@aol.com,2352725,,,
902,,,2018-10-04 09:11:49,9058.715481126423,rkobes@me.com,2352725,,,
903,,,2018-10-02 23:06:53,55264.77312815994,zwood@optonline.net,2352725,,,
904,,,2018-09-20 03:24:00,83294.70327979609,graham@sbcglobal.net,2351745,,,
905,,,2018-09-22 23:08:24,87089.27894139274,dalamb@att.net,2351745,,,
906,,,2018-09-17 00:31:15,47256.35232553574,storerm@comcast.net,2351745,,,
907,,,2018-10-06 20:24:53,61694.88467556888,cderoove@yahoo.ca,2351745,,,
908,,,2018-09-25 06:52:42,11744.32254418795,penna@sbcglobal.net,2351745,,,
909,,,2018-10-04 08:49:00,61566.458233518606,parasite@hotmail.com,2351745,,,
910,,,2018-10-04 06:33:04,50829.47935979828,floxy@aol.com,2351458,,,
911,,,2018-10-04 19:04:40,13688.494292541947,msherr@hotmail.com,2351458,,,
912,,,2018-10-04 09:19:50,211440.16455824548,stecoop@yahoo.com,2351458,,,
913,,,2018-09-25 10:02:41,327513.86178941425,isaacson@msn.com,2351458,,,
914,,,2018-10-03 22:51:22,8209.702131264397,mahbub@yahoo.com,2351287,,,
915,,,2018-09-29 23:04:29,55.439134876499956,inico@att.net,2351287,,,
916,,,2018-10-03 15:33:32,55937.98952792764,ewaters@att.net,2351287,,,
917,,,2018-09-28 06:30:41,31749.114950466632,josem@aol.com,2351287,,,
918,,,2018-09-20 16:40:07,40362.67418824825,penna@sbcglobal.net,2351287,,,
919,,,2018-09-26 01:38:59,7869.70961156432,msherr@hotmail.com,2351287,,,
920,,,2018-09-17 01:45:53,31396.94233035198,cderoove@yahoo.ca,2351287,,,
921,,,2018-10-01 20:48:25,67584.42812530027,jpflip@yahoo.ca,2351287,,,
922,,,2018-09-27 16:54:00,56142.85526886161,rkobes@me.com,2350220,,,
923,,,2018-09-25 07:05:43,15921.057415960444,osrin@msn.com,2350220,,,
924,,,2018-09-26 15:26:55,39244.091328654904,dinther@mac.com,2350220,,,
925,,,2018-09-26 19:50:46,138892.9604408896,floxy@aol.com,2350220,,,
926,,,2018-09-26 11:47:20,105618.03554563342,mrdvt@outlook.com,2350220,,,
927,,,2018-10-01 01:08:49,354391.47861914244,sbmrjbr@gmail.com,2350138,,,
928,,,2018-09-24 03:26:30,75249.94320936422,mrdvt@outlook.com,2350138,,,
929,,,2018-09-30 12:41:30,179030.5599829984,bolow@aol.com,2350138,,,
930,,,2018-10-04 15:10:52,186450.01818849499,sbmrjbr@gmail.com,2350138,,,
931,,,2018-09-20 02:49:27,68010.54417002187,inico@att.net,2349966,,,
932,,,2018-10-01 05:32:59,68788.3923553139,dalamb@att.net,2349966,,,
933,,,2018-09-21 14:19:00,8979.764821293184,storerm@comcast.net,2349966,,,
934,,,2018-09-24 15:29:31,56973.29865337105,lstein@sbcglobal.net,2349966,,,
935,,,2018-10-04 15:35:17,51630.18035973144,kodeman@me.com,2349712,,,
936,,,2018-09-23 18:38:19,57802.39478202964,graham@sbcglobal.net,2349712,,,
937,,,2018-09-25 11:14:39,70795.20202397095,stecoop@yahoo.com,2349712,,,
938,,,2018-10-05 22:42:34,49967.22283426798,raides@me.com,2349712,,,
939,,,2018-09-27 15:12:43,41621.335468439254,dprice@msn.com,2349605,,,
940,,,2018-10-02 15:28:24,126156.86617131926,rtanter@comcast.net,2349605,,,
941,,,2018-09-22 15:01:39,76176.13615323864,privcan@outlook.com,2349605,,,
942,,,2018-10-07 23:45:17,62730.77367175553,tbeck@yahoo.ca,2349605,,,
943,,,2018-09-24 23:09:52,55126.75586170279,isotopian@yahoo.com,2349605,,,
944,,,2018-09-20 01:33:37,40441.132673544496,penna@sbcglobal.net,2349605,,,
945,,,2018-09-27 19:24:14,41334.435558283934,osrin@msn.com,2349099,,,
946,,,2018-09-29 17:26:53,88714.28547927097,isaacson@msn.com,2349099,,,
947,,,2018-09-23 05:59:20,163144.85348469036,lstein@sbcglobal.net,2349099,,,
948,,,2018-09-20 03:13:37,166618.42547775467,rkobes@me.com,2349099,,,
949,,,2018-09-26 00:08:43,189418.06467871706,conteb@att.net,2347743,,,
950,,,2018-09-22 05:33:28,173892.75975724927,hllam@yahoo.ca,2347743,,,
951,,,2018-10-07 08:56:06,163894.10688028394,mahbub@yahoo.com,2347743,,,
952,,,2018-10-02 01:34:30,135590.17747220505,dalamb@att.net,2347743,,,
953,,,2018-10-01 21:51:28,146021.89121154466,stecoop@yahoo.com,2347743,,,
954,,,2018-09-22 04:54:04,27721.318644140418,mrdvt@outlook.com,2346746,,,
955,,,2018-09-25 10:14:42,5962.004683875382,privcan@outlook.com,2346746,,,
956,,,2018-10-03 07:45:45,28008.520719426462,bolow@aol.com,2346746,,,
957,,,2018-10-04 16:07:35,27610.70156792106,graham@sbcglobal.net,2346746,,,
958,,,2018-10-03 10:30:00,24695.80898309464,privcan@outlook.com,2346746,,,
959,,,2018-10-03 02:12:06,10045.23162106083,sbmrjbr@gmail.com,2346746,,,
960,,,2018-10-02 21:07:16,31927.21239466762,osrin@msn.com,2346746,,,
961,,,2018-09-21 14:15:31,21701.38439216315,tbmaddux@comcast.net,2346746,,,
962,,,2018-09-29 09:48:44,20887.816993650435,jhardin@verizon.net,2346746,,,
963,,,2018-10-07 13:09:01,254870.0,isaacson@msn.com,2346739,,,
964,,,2018-10-05 01:28:53,126180.14248585017,stecoop@yahoo.com,2345248,,,
965,,,2018-09-28 08:30:57,85647.96165386222,conteb@att.net,2345248,,,
966,,,2018-10-06 02:48:36,62561.57934308943,telbij@msn.com,2345248,,,
967,,,2018-10-01 12:18:16,10729.298975766033,jhardin@verizon.net,2345248,,,
968,,,2018-09-29 13:27:37,22495.25696034801,munson@aol.com,2345248,,,
969,,,2018-09-25 01:13:41,39634.92471197038,shawnce@yahoo.com,2345248,,,
970,,,2018-09-28 01:31:45,82540.8358691138,mrdvt@outlook.com,2345248,,,
971,,,2018-09-23 20:31:17,213400.09277768584,josem@aol.com,2343790,,,
972,,,2018-10-07 08:58:07,250259.98990701264,sherzodr@outlook.com,2343790,,,
973,,,2018-09-30 09:05:56,416374.91731530154,jpflip@yahoo.ca,2343790,,,
974,,,2018-10-05 06:28:06,31655.8390028974,raides@me.com,2343692,,,
975,,,2018-09-27 18:42:04,27668.991802044588,conteb@att.net,2343692,,,
976,,,2018-10-05 15:12:01,28749.637292618943,parasite@hotmail.com,2343692,,,
977,,,2018-09-27 19:52:13,29272.86391585287,dalamb@att.net,2343692,,,
978,,,2018-09-23 00:13:35,35270.14940800311,jhardin@verizon.net,2343692,,,
979,,,2018-09-13 23:55:34,21280.51857858307,parasite@hotmail.com,2343692,,,
980,,,2018-09-17 11:19:18,46458.98459503691,lbaxter@msn.com,2343413,,,
981,,,2018-09-22 01:45:35,68599.52444728125,parasite@hotmail.com,2343413,,,
982,,,2018-10-02 22:37:28,57181.49095768182,shawnce@yahoo.com,2343413,,,
983,,,2018-10-06 07:18:55,120953.79702859561,storerm@comcast.net,2343277,,,
984,,,2018-09-25 17:16:06,401182.0577261977,library@yahoo.ca,2343277,,,
985,,,2018-09-27 15:20:07,500448.32088790444,inico@att.net,2343277,,,
986,,,2018-09-30 10:26:08,133697.1184692801,tbeck@yahoo.ca,2343277,,,
987,,,2018-09-25 08:53:59,102278.14620310217,dprice@msn.com,2343277,,,
988,,,2018-09-28 12:49:21,447155.5596849199,nasor@yahoo.com,2343277,,,
989,,,2018-09-20 06:09:28,155394.60777887516,josem@aol.com,2342926,,,
990,,,2018-09-29 15:46:52,420547.38602749776,iamcal@live.com,2342926,,,
991,,,2018-10-03 21:52:10,430011.783440705,chlim@icloud.com,2342926,,,
992,,,2018-10-01 16:52:17,150197.22275292198,frostman@live.com,2342926,,,
993,,,2018-10-04 14:29:20,38776.05323820219,tbmaddux@comcast.net,2342679,,,
994,,,2018-09-20 22:22:02,50076.139792694834,vmalik@me.com,2342679,,,
995,,,2018-10-02 16:39:54,32799.40187593836,lbaxter@msn.com,2342679,,,
996,,,2018-10-07 04:51:53,53261.029697520695,ewaters@att.net,2342679,,,
997,,,2018-10-04 21:03:08,15942.799856330419,mahbub@yahoo.com,2342679,,,
998,,,2018-09-26 15:59:40,38913.477234331745,raides@me.com,2342679,,,
999,,,2018-10-07 13:37:28,33506.42915854086,isotopian@yahoo.com,2342679,,,
1000,,,2018-09-25 22:10:11,28160.669146440883,osrin@msn.com,2342679,,,
1001,,,2018-09-28 09:38:16,72497.364886344,cderoove@yahoo.ca,2340785,,,
1002,,,2018-10-01 15:18:51,160288.70303586632,isaacson@msn.com,2340785,,,
1003,,,2018-09-24 09:21:19,67106.03027668469,sbmrjbr@gmail.com,2340785,,,
1004,,,2018-09-22 23:36:58,103983.69903570217,osrin@msn.com,2340785,,,
1005,,,2018-09-29 13:57:05,96662.20276540285,zwood@optonline.net,2340785,,,
1006,,,2018-10-02 11:22:01,180529.40364750513,iamcal@live.com,2340087,,,
1007,,,2018-10-02 14:54:37,28355.15947742643,cderoove@yahoo.ca,2340087,,,
1008,,,2018-10-01 01:38:27,153825.70565682495,sherzodr@outlook.com,2340087,,,
1009,,,2018-10-07 18:01:05,90611.07303478193,floxy@aol.com,2340087,,,
1010,,,2018-10-04 17:01:14,137064.26486112433,jhardin@verizon.net,2340087,,,
1011,,,2018-10-07 16:11:49,80105.18026737937,telbij@msn.com,2340087,,,
1012,,,2018-09-26 23:45:27,3168.7805225560987,dalamb@att.net,2340087,,,
1013,,,2018-09-27 10:26:48,40440.125066337976,library@yahoo.ca,2340087,,,
1014,,,2018-09-27 10:42:57,17469.307466063812,tbeck@yahoo.ca,2340087,,,
1015,,,2018-09-24 00:30:23,271716.4036043989,josem@aol.com,2339329,,,
1016,,,2018-10-05 16:33:54,140764.25475658738,munson@aol.com,2339329,,,
1017,,,2018-10-05 12:40:06,277761.67460454896,dalamb@att.net,2339329,,,
1018,,,2018-09-23 19:39:38,21942.66703446483,zwood@optonline.net,2339329,,,
1019,,,2018-09-19 16:12:54,197486.3776820684,zwood@optonline.net,2339328,,,
1020,,,2018-09-27 13:01:48,283713.0409163342,dalamb@att.net,2339328,,,
1021,,,2018-09-24 23:36:34,698874.5098001525,vmalik@me.com,2339328,,,
1022,,,2018-09-30 23:55:23,476138.27172752237,lstein@sbcglobal.net,2339328,,,
1023,,,2018-10-07 05:17:54,266330.34139838634,mahbub@yahoo.com,2339328,,,
1024,,,2018-09-24 16:05:18,147892.403780592,msherr@hotmail.com,2339328,,,
1025,,,2018-09-27 02:57:43,70910.05469494444,dalamb@att.net,2339328,,,
1026,,,2018-09-30 05:29:09,95897.34168371758,isotopian@yahoo.com,2337339,,,
1027,,,2018-09-14 08:15:15,5609.558317723629,telbij@msn.com,2337339,,,
1028,,,2018-09-26 13:27:27,2946.7558847282644,conteb@att.net,2337339,,,
1029,,,2018-09-16 10:53:10,95801.56921676575,portele@verizon.net,2337339,,,
1030,,,2018-09-29 09:53:02,21563.306772930417,nasor@yahoo.com,2337339,,,
1031,,,2018-10-02 07:57:00,89671.46812413441,chlim@icloud.com,2337339,,,
1032,,,2018-10-04 17:19:24,123278.66797464422,shawnce@yahoo.com,2337311,,,
1033,,,2018-09-23 19:25:22,84796.33202535579,kodeman@me.com,2337311,,,
1034,,,2018-10-02 06:55:48,29340.708072737725,mahbub@yahoo.com,2337272,,,
1035,,,2018-09-16 15:50:21,15119.422316861828,munson@aol.com,2337272,,,
1036,,,2018-09-28 09:55:51,27502.222358654588,lstein@sbcglobal.net,2337272,,,
1037,,,2018-09-21 05:28:36,31383.36446083422,lstein@sbcglobal.net,2337272,,,
1038,,,2018-10-02 09:51:02,27090.879763600547,sbmrjbr@gmail.com,2337272,,,
1039,,,2018-10-05 12:49:39,31410.77772636151,stecoop@yahoo.com,2337272,,,
1040,,,2018-10-03 11:17:40,1832.6253009495742,rtanter@comcast.net,2337272,,,
1041,,,2018-09-22 14:41:09,58061.211474906515,mahbub@yahoo.com,2336242,,,
1042,,,2018-09-20 04:31:10,296187.7885250935,jnolan@outlook.com,2336242,,,
1043,,,2018-09-25 21:53:03,222416.36659685263,telbij@msn.com,2336105,,,
1044,,,2018-10-02 00:45:03,3584.970254424715,tbeck@yahoo.ca,2336105,,,
1045,,,2018-09-22 19:33:28,361290.66314872255,kodeman@me.com,2336105,,,
1046,,,2018-10-07 05:42:32,383771.78657027066,osrin@msn.com,2335690,,,
1047,,,2018-09-21 15:34:52,120347.17663586405,floxy@aol.com,2335690,,,
1048,,,2018-09-30 08:23:16,212491.93928705412,vmalik@me.com,2335690,,,
1049,,,2018-10-07 04:22:07,239775.09750681111,munson@aol.com,2335690,,,
1050,,,2018-10-07 14:14:51,127488.97708774083,nasor@yahoo.com,2335373,,,
1051,,,2018-09-28 21:01:26,48448.905525920745,shawnce@yahoo.com,2335373,,,
1052,,,2018-10-06 19:26:41,168639.52637299904,msherr@hotmail.com,2335373,,,
1053,,,2018-09-30 14:39:55,266828.5910133394,storerm@comcast.net,2335373,,,
1054,,,2018-09-30 19:10:56,98705.30858317147,storerm@comcast.net,2334858,,,
1055,,,2018-10-07 03:50:53,41098.09701021659,jhardin@verizon.net,2334858,,,
1056,,,2018-10-05 03:26:33,16899.923059172783,osrin@msn.com,2334858,,,
1057,,,2018-09-28 00:06:24,66871.67134743919,telbij@msn.com,2334858,,,
1058,,,2018-09-25 00:54:52,73182.69651868976,mahbub@yahoo.com,2334365,,,
1059,,,2018-09-23 03:34:27,108522.71538636628,library@yahoo.ca,2334365,,,
1060,,,2018-10-03 23:04:10,86333.61310761726,osrin@msn.com,2334365,,,
1061,,,2018-09-17 05:34:58,117188.9749873267,shawnce@yahoo.com,2334365,,,
1062,,,2018-10-01 18:08:22,197623.404181645,jpflip@yahoo.ca,2334067,,,
1063,,,2018-09-26 21:04:34,31349.972512947068,sherzodr@outlook.com,2334067,,,
1064,,,2018-09-26 14:35:43,43157.62330540799,lstein@sbcglobal.net,2334067,,,
1065,,,2018-10-06 18:18:43,76751.6037528404,graham@sbcglobal.net,2333164,,,
1066,,,2018-09-21 12:51:23,54741.979584997585,nasor@yahoo.com,2333164,,,
1067,,,2018-09-20 08:37:22,30206.92055558196,isotopian@yahoo.com,2333164,,,
1068,,,2018-09-27 15:09:52,58914.515058748,dprice@msn.com,2333164,,,
1069,,,2018-09-30 14:12:51,54538.02256437673,dinther@mac.com,2333164,,,
1070,,,2018-09-26 02:57:56,43241.95848345529,kodeman@me.com,2333164,,,
1071,,,2018-09-28 09:21:37,858483.0,sherzodr@outlook.com,2332995,,,
1072,,,2018-10-05 08:55:14,5832150.705589752,stecoop@yahoo.com,2332464,,,
1073,,,2018-09-29 07:34:42,5479167.946394497,kodeman@me.com,2332464,,,
1074,,,2018-09-20 02:02:23,2317034.02713813,crusader@yahoo.ca,2332464,,,
1075,,,2018-09-29 11:00:42,1324718.320877623,library@yahoo.ca,2332464,,,
1076,,,2018-09-22 00:58:30,66519.26636998846,crusader@yahoo.ca,2331312,,,
1077,,,2018-09-30 06:44:16,37533.139359788365,munson@aol.com,2331312,,,
1078,,,2018-09-25 14:08:42,15697.33941907719,rkobes@me.com,2331312,,,
1079,,,2018-10-05 06:04:42,45063.990894994866,isotopian@yahoo.com,2331312,,,
1080,,,2018-09-25 09:34:28,63241.59142377785,stecoop@yahoo.com,2331312,,,
1081,,,2018-10-02 06:51:36,41464.560743983835,dalamb@att.net,2331312,,,
1082,,,2018-09-22 19:57:55,9737.26442626148,stecoop@yahoo.com,2331312,,,
1083,,,2018-10-05 11:34:24,10823.82950476998,stecoop@yahoo.com,2331312,,,
1084,,,2018-09-29 04:55:34,4685.017857357972,telbij@msn.com,2331312,,,
1085,,,2018-10-02 15:30:28,22751.262388538406,tbmaddux@comcast.net,2328899,,,
1086,,,2018-09-28 00:41:36,428739.7376114616,portele@verizon.net,2328899,,,
1087,,,2018-10-01 19:37:43,4132.684113375656,rtanter@comcast.net,2328822,,,
1088,,,2018-10-07 20:17:11,39621.7485138283,lstein@sbcglobal.net,2328822,,,
1089,,,2018-09-26 15:54:59,39585.714629371185,storerm@comcast.net,2328822,,,
1090,,,2018-10-01 08:39:07,27000.730835691622,parasite@hotmail.com,2328822,,,
1091,,,2018-10-04 21:52:30,61378.621096832154,storerm@comcast.net,2328822,,,
1092,,,2018-09-27 05:16:46,51293.63370508181,rtanter@comcast.net,2328822,,,
1093,,,2018-09-20 07:15:36,25047.460636373668,osrin@msn.com,2328822,,,
1094,,,2018-09-25 13:22:21,22477.086022147192,floxy@aol.com,2328822,,,
1095,,,2018-10-03 20:04:51,37774.32044729836,bolow@aol.com,2328822,,,
1096,,,2018-09-28 11:39:09,258543.22730260206,portele@verizon.net,2327255,,,
1097,,,2018-10-05 18:36:02,215312.2351745451,shawnce@yahoo.com,2327255,,,
1098,,,2018-09-22 07:18:58,55647.321635408975,hllam@yahoo.ca,2327255,,,
1099,,,2018-09-23 15:23:13,8818.65434196907,jpflip@yahoo.ca,2327255,,,
1100,,,2018-09-24 19:06:21,261237.56154547495,bolow@aol.com,2327255,,,
1101,,,2018-09-24 13:43:02,819146.0,hllam@yahoo.ca,2326536,,,
1102,,,2018-09-24 19:23:59,394185.84490375814,bolow@aol.com,2323946,,,
1103,,,2018-10-06 22:22:51,143478.03195028112,conteb@att.net,2323946,,,
1104,,,2018-10-06 18:11:01,280062.3161960812,chlim@icloud.com,2323946,,,
1105,,,2018-09-27 09:39:00,316664.5727574466,inico@att.net,2323946,,,
1106,,,2018-10-05 15:33:31,489284.2341924329,dalamb@att.net,2323946,,,
1107,,,2018-09-21 21:03:09,108152.51306887597,msherr@hotmail.com,2323249,,,
1108,,,2018-10-03 15:58:09,130644.524094677,storerm@comcast.net,2323249,,,
1109,,,2018-09-25 16:57:55,125190.61285422785,library@yahoo.ca,2323249,,,
1110,,,2018-10-02 05:28:21,34011.349982219166,lstein@sbcglobal.net,2323249,,,
1111,,,2018-09-25 13:06:19,82711.24873983594,rtanter@comcast.net,2322294,,,
1112,,,2018-10-04 07:58:05,4314.956720465816,mrdvt@outlook.com,2322294,,,
1113,,,2018-09-30 06:36:17,71462.79453969825,isaacson@msn.com,2322294,,,
1114,,,2018-09-14 10:42:47,42262.657553490266,conteb@att.net,2322271,,,
1115,,,2018-09-30 03:54:42,60147.840138957836,lbaxter@msn.com,2322271,,,
1116,,,2018-09-25 05:05:15,96551.52580040027,raides@me.com,2322271,,,
1117,,,2018-09-23 08:18:03,37297.837955061754,graham@sbcglobal.net,2322271,,,
1118,,,2018-09-20 06:01:08,51083.138552089826,vmalik@me.com,2322271,,,
1119,,,2018-10-07 16:58:07,11247.888087787214,frostman@live.com,2321929,,,
1120,,,2018-09-30 22:16:29,389.5346237636066,portele@verizon.net,2321929,,,
1121,,,2018-10-06 22:24:16,26786.134632653724,kodeman@me.com,2321929,,,
1122,,,2018-09-23 23:01:15,44700.38805838414,mahbub@yahoo.com,2321929,,,
1123,,,2018-09-26 05:17:12,70135.05459741132,josem@aol.com,2321929,,,
1124,,,2018-10-03 01:16:53,96314.62097968227,tbmaddux@comcast.net,2320723,,,
1125,,,2018-09-17 11:17:54,79290.64083450282,kodeman@me.com,2320723,,,
1126,,,2018-09-21 00:03:44,36013.14286471734,crusader@yahoo.ca,2320723,,,
1127,,,2018-10-01 15:17:12,59515.595321097615,jpflip@yahoo.ca,2320723,,,
1128,,,2018-09-23 02:38:17,255480.0,tbmaddux@comcast.net,2320499,,,
1129,,,2018-10-06 21:05:35,49962.74066985594,nasor@yahoo.com,2320490,,,
1130,,,2018-10-02 19:47:55,104993.93618383208,kodeman@me.com,2320490,,,
1131,,,2018-10-06 19:24:54,202346.323146312,msherr@hotmail.com,2320490,,,
1132,,,2018-09-23 15:00:27,57297.07977912236,osrin@msn.com,2319539,,,
1133,,,2018-09-22 13:16:30,56202.1570273633,stecoop@yahoo.com,2319539,,,
1134,,,2018-09-26 15:51:11,53435.79428924704,isotopian@yahoo.com,2319539,,,
1135,,,2018-09-14 12:01:37,9494.6539815202,lstein@sbcglobal.net,2319539,,,
1136,,,2018-10-01 12:01:09,35030.28499201649,kodeman@me.com,2319539,,,
1137,,,2018-09-29 14:16:04,31823.782841232714,tbmaddux@comcast.net,2319539,,,
1138,,,2018-09-14 07:25:57,57555.71554193051,nasor@yahoo.com,2319539,,,
1139,,,2018-10-05 08:26:27,3690.5356503728117,penna@sbcglobal.net,2319539,,,
1140,,,2018-10-07 15:04:22,31466.155174925123,portele@verizon.net,2319539,,,
1141,,,2018-10-07 04:46:38,26644.677803897845,rkobes@me.com,2319539,,,
1142,,,2018-10-05 20:39:33,49041.162918371585,jnolan@outlook.com,2319539,,,
1143,,,2018-10-04 15:01:11,17027.134232048335,dprice@msn.com,2319386,,,
1144,,,2018-10-06 15:35:36,15820.689631854597,storerm@comcast.net,2319386,,,
1145,,,2018-09-24 00:34:00,19390.233642762225,tbeck@yahoo.ca,2319386,,,
1146,,,2018-09-24 04:09:05,57453.95791683281,jhardin@verizon.net,2319386,,,
1147,,,2018-09-30 14:47:32,32986.20018358531,lstein@sbcglobal.net,2319386,,,
1148,,,2018-10-05 11:20:34,26386.755941004314,rkobes@me.com,2319386,,,
1149,,,2018-09-28 10:25:54,11152.028451912403,penna@sbcglobal.net,2319386,,,
1150,,,2018-09-21 13:00:33,39215.9700763518,tbeck@yahoo.ca,2318943,,,
1151,,,2018-09-19 03:16:32,27444.985018832675,jpflip@yahoo.ca,2318943,,,
1152,,,2018-10-07 18:45:21,52341.97036782781,sherzodr@outlook.com,2318943,,,
1153,,,2018-09-19 00:49:04,20266.674103326783,isotopian@yahoo.com,2318943,,,
1154,,,2018-09-28 08:11:34,5851.910209927044,hllam@yahoo.ca,2318943,,,
1155,,,2018-10-03 20:33:12,17994.825850551493,jnolan@outlook.com,2318943,,,
1156,,,2018-10-02 22:20:19,10946.461161301726,bolow@aol.com,2318943,,,
1157,,,2018-09-29 22:51:26,25800.203211880642,floxy@aol.com,2318943,,,
1158,,,2018-10-06 09:37:21,33855.3136280158,mrdvt@outlook.com,2317748,,,
1159,,,2018-09-18 12:50:10,49692.70130341423,portele@verizon.net,2317748,,,
1160,,,2018-09-20 08:50:54,53976.82702250426,lbaxter@msn.com,2317748,,,
1161,,,2018-10-06 12:32:31,194.83940925114013,privcan@outlook.com,2317748,,,
1162,,,2018-09-14 12:17:17,30500.31863681459,floxy@aol.com,2317748,,,
1163,,,2018-09-26 16:08:24,7343.282350249283,osrin@msn.com,2317728,,,
1164,,,2018-09-25 12:41:42,35091.38032866137,munson@aol.com,2317728,,,
1165,,,2018-09-28 01:59:04,52599.9147990346,storerm@comcast.net,2317728,,,
1166,,,2018-09-29 19:43:41,41148.30789247552,munson@aol.com,2317728,,,
1167,,,2018-09-20 22:55:58,8473.133300623522,hllam@yahoo.ca,2317728,,,
1168,,,2018-10-07 12:02:23,33598.27489879563,lstein@sbcglobal.net,2317728,,,
1169,,,2018-09-29 04:09:02,66051.28930570012,jhardin@verizon.net,2317728,,,
1170,,,2018-10-07 08:22:48,1953.110509141086,mrdvt@outlook.com,2317728,,,
1171,,,2018-09-30 15:03:05,24570.30661531888,jpflip@yahoo.ca,2317728,,,
1172,,,2018-09-28 14:58:26,35526.912320672454,tbeck@yahoo.ca,2317350,,,
1173,,,2018-09-21 08:56:00,26559.714680988633,graham@sbcglobal.net,2317350,,,
1174,,,2018-09-26 09:40:52,35165.53552458068,library@yahoo.ca,2317350,,,
1175,,,2018-09-23 07:19:27,63338.64550162997,nasor@yahoo.com,2317350,,,
1176,,,2018-09-27 03:51:49,39763.42437339031,bolow@aol.com,2317350,,,
1177,,,2018-09-22 21:00:05,11492.523144686422,telbij@msn.com,2317350,,,
1178,,,2018-09-14 04:28:56,9793.313605913392,jnolan@outlook.com,2317350,,,
1179,,,2018-09-23 06:55:50,46730.79899656737,dprice@msn.com,2317350,,,
1180,,,2018-09-28 17:00:55,66593.13185157071,mrdvt@outlook.com,2317350,,,
1181,,,2018-09-18 06:58:25,105910.41586446522,stecoop@yahoo.com,2310298,,,
1182,,,2018-09-18 01:05:49,45811.5925888613,bolow@aol.com,2310298,,,
1183,,,2018-10-01 16:29:30,58301.991546673475,tbmaddux@comcast.net,2310298,,,
1184,,,2018-10-01 21:41:04,222483.71669421167,iamcal@live.com,2309410,,,
1185,,,2018-09-20 15:26:29,224805.64098047517,tbmaddux@comcast.net,2309410,,,
1186,,,2018-09-30 14:07:57,353231.3936181363,sherzodr@outlook.com,2309410,,,
1187,,,2018-09-14 20:03:53,304167.94551122194,rtanter@comcast.net,2309410,,,
1188,,,2018-09-29 06:09:02,255872.14676185022,ewaters@att.net,2309410,,,
1189,,,2018-10-03 08:55:08,3601.0709672693124,sherzodr@outlook.com,2309410,,,
1190,,,2018-10-03 05:30:13,327364.4137262808,conteb@att.net,2309410,,,
1191,,,2018-09-29 13:49:20,190427.67174055436,hllam@yahoo.ca,2309410,,,
1192,,,2018-09-25 21:33:55,150270.02918607852,mahbub@yahoo.com,2306452,,,
1193,,,2018-09-19 12:12:19,142237.1287569833,jhardin@verizon.net,2306452,,,
1194,,,2018-09-23 10:22:30,168440.44877834196,storerm@comcast.net,2306452,,,
1195,,,2018-09-27 19:03:06,169225.4141349601,graham@sbcglobal.net,2306452,,,
1196,,,2018-09-28 21:03:13,111595.64623223823,raides@me.com,2306452,,,
1197,,,2018-09-24 10:10:59,114059.91741577223,rkobes@me.com,2306452,,,
1198,,,2018-09-24 04:31:10,6747.945331211348,isaacson@msn.com,2306452,,,
1199,,,2018-09-19 19:25:19,51066.47016441437,osrin@msn.com,2306452,,,
1200,,,2018-09-30 22:39:36,104332.08019682144,jnolan@outlook.com,2302893,,,
1201,,,2018-10-01 12:54:01,5608.480986115827,frostman@live.com,2302893,,,
1202,,,2018-09-21 22:58:17,26494.645390418675,floxy@aol.com,2302893,,,
1203,,,2018-09-22 03:40:01,36812.50565644887,frostman@live.com,2302893,,,
1204,,,2018-09-24 04:54:15,38465.287770195195,sbmrjbr@gmail.com,2302893,,,
1205,,,2018-10-01 19:42:48,237346.32669154584,penna@sbcglobal.net,2301861,,,
1206,,,2018-09-22 04:17:59,347553.7456319819,vmalik@me.com,2301861,,,
1207,,,2018-10-04 14:17:07,353092.9276764723,lstein@sbcglobal.net,2301861,,,
1208,,,2018-10-02 00:11:13,243913.29560170934,zwood@optonline.net,2300487,,,
1209,,,2018-10-07 04:35:59,111846.38165707406,mrdvt@outlook.com,2300487,,,
1210,,,2018-10-03 19:41:44,13132.322741216603,lstein@sbcglobal.net,2300487,,,
1211,,,2018-10-04 19:25:04,1341332.0,graham@sbcglobal.net,2299200,,,
1212,,,2018-09-20 10:46:54,88489.67824119508,hllam@yahoo.ca,2295429,,,
1213,,,2018-09-28 01:24:20,9512.799798972646,dprice@msn.com,2295429,,,
1214,,,2018-09-27 14:09:31,54063.283172747106,isaacson@msn.com,2295429,,,
1215,,,2018-09-23 07:29:10,98644.23878708514,mahbub@yahoo.com,2295429,,,
1216,,,2018-09-14 05:22:30,18324.2460812118,hllam@yahoo.ca,2292945,,,
1217,,,2018-09-26 10:48:26,72502.43925407204,raides@me.com,2292945,,,
1218,,,2018-09-29 07:32:06,66068.31466471616,nasor@yahoo.com,2292945,,,
1219,,,2018-09-30 01:52:47,80457.68383293018,rtanter@comcast.net,2289276,,,
1220,,,2018-10-04 13:10:58,36091.86014669409,shawnce@yahoo.com,2289276,,,
1221,,,2018-10-01 09:20:16,24867.26788869727,inico@att.net,2289276,,,
1222,,,2018-10-03 14:34:43,76049.18813167847,telbij@msn.com,2289276,,,
1223,,,2018-09-26 15:14:01,66718.19626526849,jhardin@verizon.net,2285091,,,
1224,,,2018-10-06 13:59:37,1303.8032291832908,sbmrjbr@gmail.com,2285091,,,
1225,,,2018-10-04 01:39:50,72618.75556257454,frostman@live.com,2285091,,,
1226,,,2018-10-07 23:53:25,80297.07403640544,library@yahoo.ca,2285091,,,
1227,,,2018-09-25 13:13:33,19734.79464630428,parasite@hotmail.com,2285091,,,
1228,,,2018-09-27 10:31:34,3323.946955518194,osrin@msn.com,2285091,,,
1229,,,2018-10-01 05:00:28,41171.97905024629,zwood@optonline.net,2285091,,,
1230,,,2018-09-24 11:02:44,39489.70130014167,graham@sbcglobal.net,2285091,,,
1231,,,2018-09-23 04:22:35,77347.35194388656,josem@aol.com,2285091,,,
1232,,,2018-10-06 17:18:46,19813.667859543802,sherzodr@outlook.com,2285091,,,
1233,,,2018-09-27 09:36:49,20381.621960610948,tbeck@yahoo.ca,2285091,,,
1234,,,2018-09-29 03:47:38,75072.10719031644,rkobes@me.com,2285091,,,
1235,,,2018-09-21 12:35:22,67560.485195468,dalamb@att.net,2264625,,,
1236,,,2018-09-22 22:34:19,99368.514804532,mahbub@yahoo.com,2264625,,,
1237,,,2018-10-02 03:46:44,49273.03612162876,shawnce@yahoo.com,2246533,,,
1238,,,2018-09-27 00:55:32,67889.60851083338,frostman@live.com,2246533,,,
1239,,,2018-09-29 22:51:27,120644.09222963569,tbeck@yahoo.ca,2246533,,,
1240,,,2018-09-25 01:19:29,108766.26313790215,bolow@aol.com,2246533,,,
1241,,,2018-10-06 09:13:04,47440.98896514003,mahbub@yahoo.com,2181714,,,
1242,,,2018-10-02 18:24:03,147768.45514605707,ewaters@att.net,2181714,,,
1243,,,2018-09-27 04:47:11,45233.45469945778,hllam@yahoo.ca,2181714,,,
1244,,,2018-10-01 06:51:47,130108.10118934517,chlim@icloud.com,2181714,,,
1245,,,2018-09-26 18:06:05,405075.49493017566,kodeman@me.com,2151483,,,
1246,,,2018-10-01 06:55:30,370295.9907327377,mahbub@yahoo.com,2151483,,,
1247,,,2018-09-22 07:17:41,130456.0388326032,iamcal@live.com,2151483,,,
1248,,,2018-09-26 05:01:13,246322.66806755614,sherzodr@outlook.com,2151483,,,
1249,,,2018-09-23 08:31:35,274920.8074369271,lbaxter@msn.com,2151483,,,
