number,emails,fund_date,amount,u_email,p_projectID,number,pid,amount collected
1,hllam@yahoo.ca,2018-09-30 14:04:51,86250.78,tbeck@yahoo.ca,2408632,1,2408632,1705556
2,conteb@att.net,2018-09-30 15:09:30,476203.25,penna@sbcglobal.net,2408632,2,2406971,1419101
3,isotopian@yahoo.com,2018-09-26 11:33:38,668202.12,nasor@yahoo.com,2408632,3,2387578,1221175
4,mahbub@yahoo.com,2018-09-26 16:08:24,354218.54,osrin@msn.com,2408632,4,2403388,944700
5,graham@sbcglobal.net,2018-09-27 15:12:43,46876.07,dprice@msn.com,2408632,5,2395061,1893500
6,storerm@comcast.net,2018-09-25 03:05:41,73805.24,tbeck@yahoo.ca,2408632,6,2399187,1070947
7,parasite@hotmail.com,2018-09-29 21:02:00,86037.95,storerm@comcast.net,2406971,7,2397193,1569643
8,floxy@aol.com,2018-09-25 23:43:45,409847.91,shawnce@yahoo.com,2406971,8,2383910,1780889
9,chlim@icloud.com,2018-10-04 08:01:03,156593.92,tbeck@yahoo.ca,2406971,9,2372181,7912303
10,jnolan@outlook.com,2018-10-02 13:20:37,376487.31,isotopian@yahoo.com,2406971,10,2394209,963723
11,portele@verizon.net,2018-10-07 20:26:11,390133.91,dprice@msn.com,2406971,11,2364288,1187295
12,penna@sbcglobal.net,2018-10-02 08:22:02,,privcan@outlook.com,2403388,12,2395218,1402437
13,stecoop@yahoo.com,2018-09-29 02:32:17,,isaacson@msn.com,2403388,13,2392244,2070073
14,inico@att.net,2018-09-24 22:26:38,,lbaxter@msn.com,2403388,14,2376833,827192
15,lbaxter@msn.com,2018-09-22 06:56:25,,munson@aol.com,2399187,15,2389527,1144601
16,jpflip@yahoo.ca,2018-09-29 17:54:39,,raides@me.com,2399187,16,2384892,3350528
17,privcan@outlook.com,2018-10-02 06:55:48,,mahbub@yahoo.com,2399187,17,2385318,946458
18,dalamb@att.net,2018-09-23 02:38:17,,tbmaddux@comcast.net,2399187,18,2382403,907542
19,sbmrjbr@gmail.com,2018-10-06 22:59:31,,sbmrjbr@gmail.com,2399187,19,2377451,1127232
20,tbmaddux@comcast.net,2018-10-05 02:47:11,,shawnce@yahoo.com,2399187,20,2375308,950184
21,tbeck@yahoo.ca,2018-10-01 07:55:20,,zwood@optonline.net,2399187,21,2370538,3004067
22,kodeman@me.com,2018-10-02 19:11:40,,josem@aol.com,2399187,22,2355179,1326772
23,dprice@msn.com,2018-10-05 21:04:37,,dprice@msn.com,2397193,23,2375791,1489984
24,library@yahoo.ca,2018-09-27 20:45:31,,chlim@icloud.com,2397193,24,2358226,1348311
25,vmalik@me.com,2018-09-20 10:46:54,,hllam@yahoo.ca,2397193,25,2323946,1623675
26,dinther@mac.com,2018-09-28 14:17:40,,jnolan@outlook.com,2397193,26,2358166,2855578
27,msherr@hotmail.com,2018-09-20 06:09:28,,josem@aol.com,2395218,27,2374999,809748
28,isaacson@msn.com,2018-09-28 01:24:20,,dprice@msn.com,2395218,28,2373236,1303994
29,munson@aol.com,2018-09-25 12:41:42,,munson@aol.com,2395218,29,2347743,808817
30,zwood@optonline.net,2018-09-25 18:53:13,,frostman@live.com,2395218,30,2369565,1553455
31,raides@me.com,2018-09-16 10:25:26,,vmalik@me.com,2395061,31,2368013,806998
32,mrdvt@outlook.com,2018-09-23 18:37:47,,osrin@msn.com,2395061,32,2365150,1369454
33,iamcal@live.com,2018-10-02 15:28:24,,rtanter@comcast.net,2395061,33,2364706,1160606
34,rtanter@comcast.net,2018-10-04 10:13:32,,isotopian@yahoo.com,2394209,34,2355841,2849951
35,osrin@msn.com,2018-10-03 13:40:18,,jhardin@verizon.net,2394209,35,2365028,1150752
36,telbij@msn.com,2018-10-05 22:44:21,,isotopian@yahoo.com,2392244,36,2364500,4294816
37,sherzodr@outlook.com,2018-09-25 00:54:52,,mahbub@yahoo.com,2392244,37,2350138,795122
38,jhardin@verizon.net,2018-09-24 03:01:26,,crusader@yahoo.ca,2392244,38,2356238,1695026
39,shawnce@yahoo.com,2018-10-07 17:27:56,,josem@aol.com,2392244,39,2354447,919884
40,cderoove@yahoo.ca,2018-10-04 12:07:00,,hllam@yahoo.ca,2392244,40,2354613,1456079
41,rkobes@me.com,2018-09-26 15:14:01,,jhardin@verizon.net,2389527,41,2306452,913643
42,lstein@sbcglobal.net,2018-09-23 15:00:27,,osrin@msn.com,2389527,42,2342926,1156151
43,ewaters@att.net,2018-10-03 07:12:11,,library@yahoo.ca,2389527,43,2299200,1341332
44,nasor@yahoo.com,2018-10-03 21:23:19,,jnolan@outlook.com,2389527,44,2332464,14953071
45,josem@aol.com,2018-10-03 09:45:11,,rkobes@me.com,2389527,45,2301861,937993
46,crusader@yahoo.ca,2018-10-05 16:46:40,,floxy@aol.com,2389527,46,2343277,1705715
47,frostman@live.com,2018-10-06 18:28:16,,iamcal@live.com,2389527,47,2343790,880035
48,bolow@aol.com,2018-10-05 14:05:31,,dinther@mac.com,2389527,48,2309410,1881954
,,2018-10-01 14:40:17,,munson@aol.com,2389527,49,2332995,858483
,,2018-09-20 10:04:43,,cderoove@yahoo.ca,2389527,50,2339328,2141345
,,2018-09-14 10:42:47,,conteb@att.net,2387578,51,2151483,1427071
,,2018-09-23 20:26:01,,mrdvt@outlook.com,2387578,52,2326536,819146
,,2018-09-21 05:32:21,,jpflip@yahoo.ca,2387578,53,2335690,956386
,,2018-10-01 08:54:18,,floxy@aol.com,2387578,54,2327255,799559
,,2018-09-28 23:34:32,,graham@sbcglobal.net,2387578,55,2313424,2710974
,,2018-10-02 15:30:28,,tbmaddux@comcast.net,2387578,56,2314119,1377664
,,2018-09-21 04:29:55,,rkobes@me.com,2387578,57,2310992,981791
,,2018-09-30 01:34:55,,hllam@yahoo.ca,2387578,58,2310993,1162482
,,2018-09-27 19:24:14,,osrin@msn.com,2385318,59,2304977,793556
,,2018-09-27 14:09:31,,isaacson@msn.com,2385318,60,2302346,834736
,,2018-09-27 16:54:00,,rkobes@me.com,2385318,61,2304090,794552
,,2018-10-04 18:11:33,,jnolan@outlook.com,2385318,62,2281973,1588412
,,2018-09-22 14:09:26,,parasite@hotmail.com,2385318,63,2058442,1376074
,,2018-10-07 20:11:21,,chlim@icloud.com,2385318,64,2255955,1185968
,,2018-10-02 01:51:54,,msherr@hotmail.com,2384892,65,2218431,973268
,,2018-09-21 05:35:14,,shawnce@yahoo.com,2384892,66,2257278,1233845
,,2018-09-24 21:23:22,,tbeck@yahoo.ca,2384892,67,2262524,1531391
,,2018-09-16 16:35:20,,lstein@sbcglobal.net,2383910,68,2229521,2066586
,,2018-10-01 00:16:53,,tbmaddux@comcast.net,2383910,69,2228880,1146654
,,2018-09-28 10:32:57,,library@yahoo.ca,2383910,70,2258118,1573634
,,2018-09-28 06:20:20,,lstein@sbcglobal.net,2383910,71,2236170,1104534
,,2018-09-14 12:34:16,,cderoove@yahoo.ca,2382403,72,2238354,1555227
,,2018-10-07 15:13:00,,msherr@hotmail.com,2382403,73,2182277,2455753
,,2018-09-20 03:24:00,,graham@sbcglobal.net,2382403,74,2222339,1352266
,,2018-09-28 09:38:16,,cderoove@yahoo.ca,2382403,75,2220485,1715512
,,2018-09-19 16:12:54,,zwood@optonline.net,2377451,76,2186257,849031
,,2018-09-27 11:27:18,,floxy@aol.com,2377451,77,2204792,2132408
,,2018-10-06 09:13:04,,mahbub@yahoo.com,2377451,78,2187289,744836
,,2018-09-26 00:08:43,,conteb@att.net,2377451,79,2048036,2029352
,,2018-09-27 19:20:06,,osrin@msn.com,2377451,80,2176435,4653606
,,2018-10-03 22:23:09,,osrin@msn.com,2377451,81,2175232,1549765
,,2018-10-06 13:59:37,,sbmrjbr@gmail.com,2377451,82,2170771,852165
,,2018-09-25 13:13:14,,zwood@optonline.net,2376833,83,2164342,1163889
,,2018-09-28 00:31:50,,stecoop@yahoo.com,2376833,84,2166984,982825
,,2018-09-15 17:39:34,,mrdvt@outlook.com,2375791,85,2136415,1906476
,,2018-09-23 22:42:36,,storerm@comcast.net,2375791,86,2163614,793872
,,2018-09-22 23:08:24,,dalamb@att.net,2375791,87,2154872,1868342
,,2018-10-03 03:18:40,,ewaters@att.net,2375791,88,2154874,1131907
,,2018-10-07 05:42:32,,osrin@msn.com,2375308,89,2143478,825742
,,2018-10-02 19:51:58,,bolow@aol.com,2375308,90,2152289,2593402
,,2018-09-22 19:47:41,,chlim@icloud.com,2375308,91,2125241,2023805
,,2018-10-07 07:39:19,,graham@sbcglobal.net,2375308,92,2143477,1195307
,,2018-09-28 21:08:05,,portele@verizon.net,2375308,93,2144210,3338026
,,2018-10-01 08:33:15,,cderoove@yahoo.ca,2374999,94,2145204,932321
,,2018-09-28 13:57:46,,jhardin@verizon.net,2374999,95,2067547,1183745
,,2018-10-01 19:37:43,,rtanter@comcast.net,2374999,96,2132970,1711111
,,2018-09-30 05:29:09,,isotopian@yahoo.com,2374999,97,2125905,824118
,,2018-09-23 04:07:56,,munson@aol.com,2374999,98,2125161,916501
,,2018-09-17 00:31:15,,storerm@comcast.net,2373236,99,2059059,1049655
,,2018-10-06 17:47:03,,chlim@icloud.com,2373236,100,2116529,859790
,,2018-09-27 17:52:04,,josem@aol.com,2373236,101,2114635,2054057
,,2018-09-25 09:40:19,,iamcal@live.com,2373236,102,2107309,931152
,,2018-09-29 17:26:53,,isaacson@msn.com,2373236,103,2109428,1675424
,,2018-09-30 01:52:47,,rtanter@comcast.net,2373236,104,2101896,1130106
,,2018-09-21 13:00:33,,tbeck@yahoo.ca,2373236,105,2079720,6556442
,,2018-10-01 09:45:31,,privcan@outlook.com,2372181,106,2096972,1117167
,,2018-10-05 14:03:43,,tbeck@yahoo.ca,2372181,107,2001745,1165027
,,2018-09-20 18:38:18,,parasite@hotmail.com,2372181,108,2060471,1017319
,,2018-09-20 00:21:15,,mahbub@yahoo.com,2370538,109,2084275,1188054
,,2018-09-27 09:50:16,,nasor@yahoo.com,2370538,110,2084359,809557
,,2018-10-02 01:25:55,,graham@sbcglobal.net,2370538,111,2077613,1738297
,,2018-09-28 07:06:54,,stecoop@yahoo.com,2370538,112,2051300,1034206
,,2018-09-20 11:10:32,,vmalik@me.com,2370538,113,2070090,1046919
,,2018-10-02 04:40:34,,floxy@aol.com,2370538,114,1964819,1626283
,,2018-09-20 23:20:53,,osrin@msn.com,2370538,115,2059549,1019507
,,2018-10-02 01:48:31,,dalamb@att.net,2370538,116,1950156,2462771
,,2018-09-22 04:54:04,,mrdvt@outlook.com,2369565,117,2045546,932516
,,2018-10-07 09:04:20,,mahbub@yahoo.com,2369565,118,2022037,1271908
,,2018-09-24 13:43:02,,hllam@yahoo.ca,2369565,119,2032917,861690
,,2018-09-20 02:04:45,,frostman@live.com,2369565,120,2034001,1052447
,,2018-09-23 22:50:58,,sherzodr@outlook.com,2369565,121,2026929,975691
,,2018-09-21 03:27:21,,jhardin@verizon.net,2368013,122,2031062,3567642
,,2018-09-20 16:48:49,,penna@sbcglobal.net,2368013,123,2028800,871114
,,2018-10-03 08:09:46,,mrdvt@outlook.com,2368013,124,2006689,1020265
,,2018-10-03 07:32:44,,sherzodr@outlook.com,2368013,125,2009101,3146050
,,2018-09-21 06:45:18,,tbeck@yahoo.ca,2365150,126,2006026,2766722
,,2018-09-22 00:58:30,,crusader@yahoo.ca,2365150,127,2000567,1568009
,,2018-09-23 21:29:40,,sbmrjbr@gmail.com,2365150,128,1989243,1297316
,,2018-10-03 08:46:04,,iamcal@live.com,2365028,129,1955307,2079288
,,2018-10-03 07:26:26,,tbeck@yahoo.ca,2365028,130,1976485,878433
,,2018-10-04 15:01:11,,dprice@msn.com,2365028,131,1969461,799380
,,2018-09-28 08:00:22,,shawnce@yahoo.com,2365028,132,1980978,1480791
,,2018-09-23 09:31:12,,rkobes@me.com,2365028,133,1957934,1489577
,,2018-09-22 13:16:30,,stecoop@yahoo.com,2365028,134,1972874,954677
,,2018-09-26 21:55:14,,ewaters@att.net,2364706,135,1963955,821278
,,2018-09-30 20:47:19,,conteb@att.net,2364706,136,1892422,1415622
,,2018-09-16 02:12:06,,graham@sbcglobal.net,2364500,137,1830042,893745
,,2018-10-06 19:43:17,,rtanter@comcast.net,2364500,138,1919607,3024997
,,2018-10-07 11:19:27,,raides@me.com,2364500,139,1946944,1645763
,,2018-10-05 17:47:32,,privcan@outlook.com,2364500,140,1945677,791770
,,2018-10-06 22:15:12,,stecoop@yahoo.com,2364288,141,1924338,751924
,,2018-10-03 16:21:03,,inico@att.net,2364288,142,1918821,1372634
,,2018-10-02 22:13:48,,parasite@hotmail.com,2364288,143,1944022,905343
,,2018-10-01 18:57:49,,mrdvt@outlook.com,2364288,144,1938110,1321789
,,2018-09-23 20:31:17,,josem@aol.com,2364288,145,1892364,2757838
,,2018-09-22 14:19:35,,jnolan@outlook.com,2358226,146,1924358,1367605
,,2018-09-27 13:01:48,,dalamb@att.net,2358226,147,1929228,1305462
,,2018-10-02 19:33:55,,telbij@msn.com,2358226,148,1894320,1424270
,,2018-09-20 20:37:30,,stecoop@yahoo.com,2358226,149,1914092,1485488
,,2018-09-22 00:33:50,,conteb@att.net,2358226,150,1892936,806765
,,2018-09-28 15:07:45,,inico@att.net,2358166,151,1893939,2214758
,,2018-10-04 17:02:38,,nasor@yahoo.com,2358166,152,1908572,991480
,,2018-09-30 12:09:33,,mahbub@yahoo.com,2358166,153,1908999,1612877
,,2018-10-02 16:55:51,,vmalik@me.com,2358166,154,1902110,954413
,,2018-10-04 20:29:41,,tbeck@yahoo.ca,2358166,155,1905786,2212267
,,2018-09-28 13:33:06,,nasor@yahoo.com,2358166,156,1256338,1005794
,,2018-09-25 21:33:55,,mahbub@yahoo.com,2358166,157,1875845,824380
,,2018-09-25 15:02:47,,josem@aol.com,2358166,158,1874873,7232484
,,2018-09-21 18:50:51,,lbaxter@msn.com,2356238,159,1871615,1719064
,,2018-09-21 05:21:35,,mrdvt@outlook.com,2356238,160,1851486,3281915
,,2018-10-05 01:28:53,,stecoop@yahoo.com,2356238,161,1863435,765113
,,2018-09-29 08:14:10,,vmalik@me.com,2356238,162,1858383,1268011
,,2018-09-14 08:15:15,,telbij@msn.com,2355841,163,1786666,6805989
,,2018-09-16 16:25:57,,portele@verizon.net,2355841,164,1829814,1762133
,,2018-10-04 14:29:20,,tbmaddux@comcast.net,2355841,165,1835207,1911713
,,2018-09-20 02:49:27,,inico@att.net,2355841,166,1842503,2732946
,,2018-10-04 15:44:09,,tbeck@yahoo.ca,2355841,167,1819382,780404
,,2018-09-27 19:43:24,,frostman@live.com,2355179,168,1773975,774335
,,2018-10-02 14:33:47,,jpflip@yahoo.ca,2355179,169,1831525,2251943
,,2018-10-05 18:08:02,,tbmaddux@comcast.net,2355179,170,1828978,4918275
,,2018-10-02 03:46:44,,shawnce@yahoo.com,2354613,171,1821077,1867155
,,2018-09-29 07:10:42,,crusader@yahoo.ca,2354613,172,1821967,1918175
,,2018-09-28 06:25:56,,parasite@hotmail.com,2354613,173,1790345,3668838
,,2018-10-02 08:45:53,,mahbub@yahoo.com,2354613,174,1813206,1356564
,,2018-09-25 08:11:46,,rkobes@me.com,2354447,175,1660186,770087
,,2018-09-26 13:27:27,,conteb@att.net,2354447,176,1776300,1126083
,,2018-09-23 22:59:28,,shawnce@yahoo.com,2354447,177,1799626,1552755
,,2018-09-28 14:58:26,,tbeck@yahoo.ca,2354447,178,1784641,2313413
,,2018-09-26 02:48:24,,ewaters@att.net,2354447,179,1783660,872607
,,2018-10-04 01:53:31,,parasite@hotmail.com,2354447,180,1751080,4426205
,,2018-09-20 10:14:55,,cderoove@yahoo.ca,2350138,181,1759114,1287443
,,2018-10-07 20:33:26,,ewaters@att.net,2350138,182,1765307,1472441
,,2018-10-03 22:51:22,,mahbub@yahoo.com,2347743,183,1760049,1780371
,,2018-10-04 06:33:04,,floxy@aol.com,2347743,184,1746617,1560449
,,2018-10-03 03:23:22,,dalamb@att.net,2347743,185,1741635,895054
,,2018-09-30 03:54:42,,lbaxter@msn.com,2347743,186,1736848,778761
,,2018-10-02 10:33:10,,vmalik@me.com,2347743,187,1643145,1023197
,,2018-10-06 23:50:39,,kodeman@me.com,2347743,188,1697257,3164893
,,2018-10-05 19:08:17,,rkobes@me.com,2347743,189,1711280,1335975
,,2018-09-17 06:35:14,,dprice@msn.com,2343790,190,1700935,1741455
,,2018-09-22 05:33:28,,hllam@yahoo.ca,2343790,191,1628084,1711295
,,2018-09-29 00:12:12,,bolow@aol.com,2343790,192,1628084,1711295
,,2018-09-24 21:44:12,,vmalik@me.com,2343790,193,1656090,876363
,,2018-09-29 22:58:01,,rtanter@comcast.net,2343790,194,1676513,2314016
,,2018-09-19 10:26:09,,josem@aol.com,2343277,195,1667953,1473027
,,2018-10-03 18:26:15,,conteb@att.net,2343277,196,1648495,1526284
,,2018-09-21 03:54:20,,sherzodr@outlook.com,2343277,197,1643399,2930569
,,2018-10-02 11:22:01,,iamcal@live.com,2343277,198,1642016,811196
,,2018-09-28 05:32:01,,nasor@yahoo.com,2342926,199,1649684,1252830
,,2018-10-06 08:01:57,,crusader@yahoo.ca,2342926,200,1601908,1282786
,,2018-09-29 10:12:29,,msherr@hotmail.com,2342926,201,1598628,1058415
,,2018-10-02 03:47:10,,portele@verizon.net,2342926,202,1625355,1000744
,,2018-09-23 00:41:26,,floxy@aol.com,2342926,203,1309900,820451
,,2018-09-29 15:46:52,,iamcal@live.com,2342926,204,1532672,1139728
,,2018-09-28 01:59:04,,storerm@comcast.net,2342926,205,1578701,2673390
,,2018-09-23 03:58:14,,isaacson@msn.com,2342926,206,1575836,868249
,,2018-09-19 12:12:19,,jhardin@verizon.net,2339328,207,1575836,868249
,,2018-09-29 00:17:30,,conteb@att.net,2339328,208,1568639,4573569
,,2018-09-30 22:39:36,,jnolan@outlook.com,2335690,209,1424387,1053550
,,2018-09-24 23:36:34,,vmalik@me.com,2335690,210,1537724,926227
,,2018-10-06 05:50:10,,ewaters@att.net,2335690,211,1531028,2121078
,,2018-10-04 01:39:50,,frostman@live.com,2335690,212,1313392,1223230
,,2018-09-27 00:55:32,,frostman@live.com,2332995,213,1520044,1407164
,,2018-10-05 07:00:30,,mahbub@yahoo.com,2332995,214,1504828,1612886
,,2018-10-06 10:55:11,,stecoop@yahoo.com,2332995,215,1517317,775944
,,2018-10-01 01:08:49,,sbmrjbr@gmail.com,2332995,216,1386380,1630379
,,2018-10-07 20:17:11,,lstein@sbcglobal.net,2332464,217,1400981,883954
,,2018-10-02 22:18:06,,munson@aol.com,2332464,218,1453643,1569862
,,2018-10-05 18:13:37,,cderoove@yahoo.ca,2332464,219,1383172,2009010
,,2018-09-26 23:17:23,,munson@aol.com,2332464,220,1453224,1505895
,,2018-10-01 04:48:43,,floxy@aol.com,2332464,221,1453224,1505895
,,2018-09-30 07:32:10,,rkobes@me.com,2332464,222,1429083,1786753
,,2018-10-02 09:06:45,,tbeck@yahoo.ca,2332464,223,1356689,2768650
,,2018-10-03 12:53:13,,cderoove@yahoo.ca,2327255,224,1356689,2768650
,,2018-09-28 05:38:37,,kodeman@me.com,2327255,225,1299894,1174501
,,2018-09-24 13:57:21,,isaacson@msn.com,2327255,226,1150044,3613338
,,2018-10-04 21:26:51,,storerm@comcast.net,2327255,227,1271371,1946882
,,2018-09-24 03:26:30,,mrdvt@outlook.com,2326536,228,1041217,781928
,,2018-09-23 13:35:00,,parasite@hotmail.com,2326536,229,1177566,802612
,,2018-10-04 15:35:17,,kodeman@me.com,2326536,230,1143140,3156178
,,2018-09-29 19:43:41,,munson@aol.com,2323946,231,1135339,1314647
,,2018-09-25 07:05:43,,osrin@msn.com,2323946,232,1049016,6051571
,,2018-09-14 21:38:57,,storerm@comcast.net,2323946,233,1041259,1230603
,,2018-09-19 02:08:34,,lbaxter@msn.com,2323946,234,1041259,1230603
,,2018-10-06 09:37:21,,mrdvt@outlook.com,2323946,235,953646,1047638
,,2018-10-01 15:18:51,,isaacson@msn.com,2323946,236,1057180,908549
,,2018-09-18 01:19:32,,munson@aol.com,2314119,237,1018227,830881
,,2018-09-24 11:25:21,,mrdvt@outlook.com,2314119,238,992525,850680
,,2018-10-03 09:20:30,,sherzodr@outlook.com,2313424,239,972019,3429046
,,2018-10-02 18:15:29,,sherzodr@outlook.com,2313424,240,921007,2269158
,,2018-10-05 06:28:06,,raides@me.com,2313424,241,777768,1678588
,,2018-10-06 20:42:38,,msherr@hotmail.com,2313424,242,712200,1665254
,,2018-10-03 09:17:29,,privcan@outlook.com,2313424,243,668128,1216280
,,2018-10-03 12:27:38,,rtanter@comcast.net,2313424,244,758700,2284774
,,2018-09-26 04:54:19,,munson@aol.com,2313424,245,736490,1414159
,,2018-09-28 05:51:45,,rkobes@me.com,2313424,246,731457,2377647
,,2018-10-07 02:52:09,,mrdvt@outlook.com,2310993,247,587472,1537680
,,2018-09-30 10:32:59,,zwood@optonline.net,2310993,248,569574,3001353
,,2018-09-30 10:59:46,,parasite@hotmail.com,2310993,249,398294,1661988
,,2018-09-16 15:50:21,,munson@aol.com,2310992,250,268456,1140975
,,2018-10-06 20:24:53,,cderoove@yahoo.ca,2310992,,,
,,2018-09-28 11:38:18,,lstein@sbcglobal.net,2310992,,,
,,2018-09-25 08:59:10,,bolow@aol.com,2310992,,,
,,2018-09-30 08:28:09,,rkobes@me.com,2310992,,,
,,2018-10-07 19:34:50,,sbmrjbr@gmail.com,2310992,,,
,,2018-09-16 10:53:10,,portele@verizon.net,2309410,,,
,,2018-10-07 23:53:25,,library@yahoo.ca,2309410,,,
,,2018-09-30 11:50:05,,mahbub@yahoo.com,2309410,,,
,,2018-09-24 19:23:59,,bolow@aol.com,2306452,,,
,,2018-09-24 21:18:21,,dprice@msn.com,2306452,,,
,,2018-09-28 21:13:56,,storerm@comcast.net,2306452,,,
,,2018-09-21 15:34:52,,floxy@aol.com,2306452,,,
,,2018-10-03 23:07:10,,portele@verizon.net,2306452,,,
,,2018-09-25 05:05:15,,raides@me.com,2306452,,,
,,2018-09-30 05:46:20,,nasor@yahoo.com,2306452,,,
,,2018-09-23 07:29:10,,mahbub@yahoo.com,2306452,,,
,,2018-10-07 08:56:06,,mahbub@yahoo.com,2304977,,,
,,2018-10-04 19:04:40,,msherr@hotmail.com,2304977,,,
,,2018-09-26 17:36:47,,cderoove@yahoo.ca,2304977,,,
,,2018-09-22 15:05:50,,nasor@yahoo.com,2304977,,,
,,2018-09-30 06:44:16,,munson@aol.com,2304977,,,
,,2018-10-04 09:47:28,,bolow@aol.com,2304977,,,
,,2018-09-19 03:16:32,,jpflip@yahoo.ca,2304090,,,
,,2018-09-14 03:08:45,,dprice@msn.com,2304090,,,
,,2018-09-21 00:39:16,,parasite@hotmail.com,2304090,,,
,,2018-10-01 11:35:59,,dalamb@att.net,2304090,,,
,,2018-09-30 07:28:28,,chlim@icloud.com,2304090,,,
,,2018-09-29 23:04:29,,inico@att.net,2302346,,,
,,2018-09-26 09:24:09,,privcan@outlook.com,2302346,,,
,,2018-09-21 09:05:26,,vmalik@me.com,2302346,,,
,,2018-09-21 03:59:28,,sherzodr@outlook.com,2302346,,,
,,2018-09-13 21:18:50,,iamcal@live.com,2301861,,,
,,2018-09-21 03:58:22,,jpflip@yahoo.ca,2301861,,,
,,2018-09-17 11:19:18,,lbaxter@msn.com,2299200,,,
,,2018-09-14 05:22:30,,hllam@yahoo.ca,2299200,,,
,,2018-09-23 08:05:19,,vmalik@me.com,2299200,,,
,,2018-09-20 19:00:11,,shawnce@yahoo.com,2299200,,,
,,2018-09-24 09:31:51,,rkobes@me.com,2299200,,,
,,2018-09-30 09:34:24,,mrdvt@outlook.com,2299200,,,
,,2018-09-14 13:15:10,,lbaxter@msn.com,2281973,,,
,,2018-09-23 18:56:05,,rtanter@comcast.net,2281973,,,
,,2018-09-27 15:05:53,,mahbub@yahoo.com,2262524,,,
,,2018-09-24 08:45:45,,mahbub@yahoo.com,2262524,,,
,,2018-10-07 12:11:44,,chlim@icloud.com,2262524,,,
,,2018-10-05 06:47:08,,osrin@msn.com,2258118,,,
,,2018-09-21 21:03:09,,msherr@hotmail.com,2258118,,,
,,2018-10-01 22:50:55,,rtanter@comcast.net,2258118,,,
,,2018-10-03 15:58:09,,storerm@comcast.net,2258118,,,
,,2018-09-27 18:42:04,,conteb@att.net,2258118,,,
,,2018-10-02 18:24:03,,ewaters@att.net,2258118,,,
,,2018-10-06 22:22:51,,conteb@att.net,2258118,,,
,,2018-10-06 14:34:25,,raides@me.com,2257278,,,
,,2018-09-29 01:36:36,,dinther@mac.com,2257278,,,
,,2018-09-30 23:55:23,,lstein@sbcglobal.net,2257278,,,
,,2018-09-29 08:55:05,,msherr@hotmail.com,2257278,,,
,,2018-09-23 23:07:10,,inico@att.net,2257278,,,
,,2018-10-06 13:25:38,,tbmaddux@comcast.net,2257278,,,
,,2018-10-05 14:23:04,,rkobes@me.com,2255955,,,
,,2018-10-04 11:04:20,,rtanter@comcast.net,2255955,,,
,,2018-09-20 06:46:49,,dalamb@att.net,2255955,,,
,,2018-09-20 02:45:37,,telbij@msn.com,2255955,,,
,,2018-09-23 03:34:27,,library@yahoo.ca,2255955,,,
,,2018-09-26 15:51:11,,isotopian@yahoo.com,2255955,,,
,,2018-10-07 18:45:21,,sherzodr@outlook.com,2255955,,,
,,2018-09-14 12:01:37,,lstein@sbcglobal.net,2238354,,,
,,2018-09-30 07:50:40,,crusader@yahoo.ca,2238354,,,
,,2018-09-28 11:39:09,,portele@verizon.net,2238354,,,
,,2018-10-05 08:55:14,,stecoop@yahoo.com,2238354,,,
,,2018-09-24 08:50:24,,jhardin@verizon.net,2238354,,,
,,2018-09-21 13:46:23,,lstein@sbcglobal.net,2238354,,,
,,2018-09-21 08:56:00,,graham@sbcglobal.net,2238354,,,
,,2018-09-27 07:23:33,,mahbub@yahoo.com,2236170,,,
,,2018-09-26 09:21:24,,osrin@msn.com,2236170,,,
,,2018-10-01 14:05:54,,penna@sbcglobal.net,2236170,,,
,,2018-09-23 10:22:30,,storerm@comcast.net,2236170,,,
,,2018-10-02 14:54:37,,cderoove@yahoo.ca,2236170,,,
,,2018-09-29 11:44:26,,osrin@msn.com,2236170,,,
,,2018-10-03 23:12:45,,chlim@icloud.com,2229521,,,
,,2018-10-04 13:10:58,,shawnce@yahoo.com,2229521,,,
,,2018-10-06 23:03:58,,tbmaddux@comcast.net,2229521,,,
,,2018-09-30 19:10:56,,storerm@comcast.net,2229521,,,
,,2018-09-18 12:50:10,,portele@verizon.net,2228880,,,
,,2018-09-22 10:52:36,,graham@sbcglobal.net,2228880,,,
,,2018-09-20 22:55:58,,hllam@yahoo.ca,2228880,,,
,,2018-09-27 01:12:58,,storerm@comcast.net,2228880,,,
,,2018-10-01 21:41:04,,iamcal@live.com,2228880,,,
,,2018-10-04 12:12:46,,mahbub@yahoo.com,2228880,,,
,,2018-10-02 13:29:42,,isotopian@yahoo.com,2228880,,,
,,2018-10-01 12:24:31,,floxy@aol.com,2228880,,,
,,2018-10-07 14:14:51,,nasor@yahoo.com,2228880,,,
,,2018-09-25 14:34:39,,lstein@sbcglobal.net,2228880,,,
,,2018-09-25 07:52:02,,ewaters@att.net,2228880,,,
,,2018-09-30 20:53:54,,nasor@yahoo.com,2228880,,,
,,2018-10-04 09:19:50,,stecoop@yahoo.com,2222339,,,
,,2018-10-07 08:58:07,,sherzodr@outlook.com,2222339,,,
,,2018-10-07 22:25:42,,tbmaddux@comcast.net,2222339,,,
,,2018-10-02 02:02:32,,mahbub@yahoo.com,2222339,,,
,,2018-09-25 14:08:42,,rkobes@me.com,2222339,,,
,,2018-09-23 18:38:19,,graham@sbcglobal.net,2222339,,,
,,2018-09-30 03:05:24,,mahbub@yahoo.com,2220485,,,
,,2018-09-25 12:21:12,,privcan@outlook.com,2220485,,,
,,2018-10-06 15:35:36,,storerm@comcast.net,2220485,,,
,,2018-09-23 07:27:23,,stecoop@yahoo.com,2220485,,,
,,2018-10-03 23:52:57,,mrdvt@outlook.com,2220485,,,
,,2018-10-03 01:16:53,,tbmaddux@comcast.net,2220485,,,
,,2018-09-30 20:21:53,,jhardin@verizon.net,2220485,,,
,,2018-10-04 19:25:04,,graham@sbcglobal.net,2220485,,,
,,2018-09-18 12:52:22,,cderoove@yahoo.ca,2218431,,,
,,2018-09-29 23:44:28,,josem@aol.com,2218431,,,
,,2018-10-01 19:42:48,,penna@sbcglobal.net,2218431,,,
,,2018-09-24 03:51:54,,hllam@yahoo.ca,2218431,,,
,,2018-09-26 02:41:56,,rtanter@comcast.net,2218431,,,
,,2018-09-22 15:32:55,,floxy@aol.com,2204792,,,
,,2018-09-16 12:51:19,,storerm@comcast.net,2204792,,,
,,2018-09-23 20:07:24,,msherr@hotmail.com,2204792,,,
,,2018-09-26 05:56:14,,dprice@msn.com,2204792,,,
,,2018-10-01 15:43:32,,jnolan@outlook.com,2204792,,,
,,2018-10-06 02:02:00,,lstein@sbcglobal.net,2187289,,,
,,2018-10-05 12:11:06,,dalamb@att.net,2187289,,,
,,2018-09-30 23:23:22,,chlim@icloud.com,2187289,,,
,,2018-09-21 04:28:44,,bolow@aol.com,2187289,,,
,,2018-10-02 22:37:29,,tbmaddux@comcast.net,2187289,,,
,,2018-09-20 00:18:53,,zwood@optonline.net,2187289,,,
,,2018-10-06 02:38:20,,storerm@comcast.net,2187289,,,
,,2018-09-23 20:54:50,,dinther@mac.com,2186257,,,
,,2018-10-07 00:09:03,,crusader@yahoo.ca,2186257,,,
,,2018-09-24 00:34:00,,tbeck@yahoo.ca,2186257,,,
,,2018-10-06 02:55:53,,storerm@comcast.net,2186257,,,
,,2018-09-29 19:48:04,,library@yahoo.ca,2186257,,,
,,2018-10-03 15:29:52,,sherzodr@outlook.com,2182277,,,
,,2018-09-19 00:49:04,,isotopian@yahoo.com,2176435,,,
,,2018-09-30 23:42:15,,stecoop@yahoo.com,2176435,,,
,,2018-10-01 13:13:06,,penna@sbcglobal.net,2176435,,,
,,2018-09-30 11:41:15,,isaacson@msn.com,2175232,,,
,,2018-10-05 06:04:42,,isotopian@yahoo.com,2175232,,,
,,2018-09-21 16:11:01,,jpflip@yahoo.ca,2175232,,,
,,2018-09-24 09:59:52,,lstein@sbcglobal.net,2175232,,,
,,2018-09-23 11:18:30,,lstein@sbcglobal.net,2175232,,,
,,2018-10-03 15:33:32,,ewaters@att.net,2170771,,,
,,2018-09-26 05:14:06,,storerm@comcast.net,2170771,,,
,,2018-09-25 00:45:32,,shawnce@yahoo.com,2170771,,,
,,2018-09-30 08:23:16,,vmalik@me.com,2170771,,,
,,2018-10-04 07:52:19,,lbaxter@msn.com,2170771,,,
,,2018-09-25 13:13:33,,parasite@hotmail.com,2170771,,,
,,2018-09-17 01:30:37,,stecoop@yahoo.com,2166984,,,
,,2018-10-05 21:39:56,,storerm@comcast.net,2166984,,,
,,2018-09-30 02:41:47,,cderoove@yahoo.ca,2166984,,,
,,2018-10-03 17:09:36,,tbeck@yahoo.ca,2166984,,,
,,2018-09-27 12:36:02,,jpflip@yahoo.ca,2164342,,,
,,2018-10-07 06:28:00,,inico@att.net,2164342,,,
,,2018-09-26 10:48:26,,raides@me.com,2164342,,,
,,2018-10-03 23:04:10,,osrin@msn.com,2164342,,,
,,2018-09-20 09:29:07,,dinther@mac.com,2164342,,,
,,2018-09-25 08:15:42,,dprice@msn.com,2164342,,,
,,2018-09-27 04:32:13,,library@yahoo.ca,2164342,,,
,,2018-10-04 00:09:03,,lstein@sbcglobal.net,2164342,,,
,,2018-09-26 20:47:57,,isaacson@msn.com,2163614,,,
,,2018-09-23 14:16:35,,privcan@outlook.com,2163614,,,
,,2018-10-01 18:04:12,,telbij@msn.com,2163614,,,
,,2018-10-01 08:07:08,,vmalik@me.com,2163614,,,
,,2018-10-07 14:00:41,,telbij@msn.com,2154874,,,
,,2018-10-05 06:59:18,,library@yahoo.ca,2154874,,,
,,2018-10-05 22:57:04,,mrdvt@outlook.com,2154874,,,
,,2018-09-20 08:50:54,,lbaxter@msn.com,2154874,,,
,,2018-09-26 15:54:59,,storerm@comcast.net,2154874,,,
,,2018-09-21 07:48:46,,dprice@msn.com,2154872,,,
,,2018-10-02 17:40:17,,cderoove@yahoo.ca,2154872,,,
,,2018-10-07 12:14:05,,zwood@optonline.net,2154872,,,
,,2018-09-18 06:58:25,,stecoop@yahoo.com,2152289,,,
,,2018-10-06 10:18:17,,crusader@yahoo.ca,2152289,,,
,,2018-10-04 18:50:37,,isaacson@msn.com,2152289,,,
,,2018-09-28 09:55:51,,lstein@sbcglobal.net,2152289,,,
,,2018-09-26 09:49:20,,osrin@msn.com,2151483,,,
,,2018-10-06 08:53:57,,dprice@msn.com,2151483,,,
,,2018-09-29 23:47:14,,telbij@msn.com,2151483,,,
,,2018-10-04 15:20:23,,tbeck@yahoo.ca,2151483,,,
,,2018-09-23 01:52:37,,isaacson@msn.com,2151483,,,
,,2018-10-02 12:55:46,,vmalik@me.com,2145204,,,
,,2018-10-03 19:00:44,,floxy@aol.com,2145204,,,
,,2018-09-14 14:35:05,,shawnce@yahoo.com,2144210,,,
,,2018-09-25 20:16:05,,mrdvt@outlook.com,2144210,,,
,,2018-09-30 04:54:38,,jnolan@outlook.com,2143478,,,
,,2018-09-23 02:46:20,,library@yahoo.ca,2143478,,,
,,2018-09-20 14:00:50,,sbmrjbr@gmail.com,2143478,,,
,,2018-10-07 04:02:23,,isotopian@yahoo.com,2143478,,,
,,2018-09-29 18:54:12,,conteb@att.net,2143477,,,
,,2018-10-01 05:47:44,,raides@me.com,2143477,,,
,,2018-09-20 02:53:57,,ewaters@att.net,2143477,,,
,,2018-10-06 19:12:36,,iamcal@live.com,2136415,,,
,,2018-09-28 08:30:57,,conteb@att.net,2136415,,,
,,2018-10-02 15:18:28,,bolow@aol.com,2136415,,,
,,2018-09-21 08:33:31,,floxy@aol.com,2136415,,,
,,2018-10-02 14:31:06,,tbmaddux@comcast.net,2136415,,,
,,2018-09-29 07:24:19,,nasor@yahoo.com,2136415,,,
,,2018-09-20 04:07:42,,ewaters@att.net,2136415,,,
,,2018-09-27 00:31:55,,dprice@msn.com,2136415,,,
,,2018-09-29 21:40:44,,shawnce@yahoo.com,2132970,,,
,,2018-10-04 03:19:10,,tbmaddux@comcast.net,2132970,,,
,,2018-09-29 20:41:44,,isaacson@msn.com,2132970,,,
,,2018-09-24 11:34:53,,mrdvt@outlook.com,2132970,,,
,,2018-10-06 17:17:48,,bolow@aol.com,2132970,,,
,,2018-10-01 05:41:50,,parasite@hotmail.com,2132970,,,
,,2018-10-06 21:47:05,,bolow@aol.com,2132970,,,
,,2018-09-24 04:09:05,,jhardin@verizon.net,2132970,,,
,,2018-10-07 14:51:17,,nasor@yahoo.com,2132970,,,
,,2018-09-28 06:30:41,,josem@aol.com,2125905,,,
,,2018-09-30 14:47:32,,lstein@sbcglobal.net,2125905,,,
,,2018-09-27 13:25:50,,kodeman@me.com,2125905,,,
,,2018-10-07 14:25:41,,isaacson@msn.com,2125905,,,
,,2018-09-17 08:00:27,,josem@aol.com,2125241,,,
,,2018-09-21 17:21:22,,josem@aol.com,2125241,,,
,,2018-09-27 10:31:34,,osrin@msn.com,2125241,,,
,,2018-09-22 15:01:39,,privcan@outlook.com,2125241,,,
,,2018-09-20 07:12:46,,rkobes@me.com,2125241,,,
,,2018-10-07 03:50:53,,jhardin@verizon.net,2125241,,,
,,2018-09-24 19:01:15,,floxy@aol.com,2125241,,,
,,2018-09-13 18:24:33,,munson@aol.com,2125161,,,
,,2018-09-24 17:39:31,,crusader@yahoo.ca,2116529,,,
,,2018-09-26 12:18:46,,jhardin@verizon.net,2116529,,,
,,2018-10-04 13:52:22,,stecoop@yahoo.com,2114635,,,
,,2018-09-24 11:37:40,,josem@aol.com,2114635,,,
,,2018-09-27 17:29:07,,raides@me.com,2114635,,,
,,2018-09-27 16:37:18,,kodeman@me.com,2114635,,,
,,2018-09-24 09:22:11,,frostman@live.com,2114635,,,
,,2018-09-30 12:20:15,,inico@att.net,2114635,,,
,,2018-10-06 02:48:36,,telbij@msn.com,2109428,,,
,,2018-10-07 15:33:30,,iamcal@live.com,2109428,,,
,,2018-09-20 22:39:10,,conteb@att.net,2109428,,,
,,2018-10-02 16:11:35,,conteb@att.net,2109428,,,
,,2018-10-07 13:21:12,,conteb@att.net,2109428,,,
,,2018-09-30 13:14:02,,rkobes@me.com,2107309,,,
,,2018-09-23 23:43:59,,conteb@att.net,2107309,,,
,,2018-09-26 05:08:19,,storerm@comcast.net,2107309,,,
,,2018-10-01 12:01:09,,kodeman@me.com,2107309,,,
,,2018-09-23 17:24:45,,crusader@yahoo.ca,2107309,,,
,,2018-10-04 12:55:48,,sherzodr@outlook.com,2107309,,,
,,2018-09-14 18:28:49,,osrin@msn.com,2101896,,,
,,2018-09-22 19:00:58,,vmalik@me.com,2101896,,,
,,2018-09-13 17:47:18,,iamcal@live.com,2096972,,,
,,2018-09-28 23:51:44,,jhardin@verizon.net,2096972,,,
,,2018-09-24 00:07:10,,portele@verizon.net,2096972,,,
,,2018-09-25 10:02:41,,isaacson@msn.com,2084359,,,
,,2018-09-25 09:34:28,,stecoop@yahoo.com,2084359,,,
,,2018-10-03 19:30:40,,cderoove@yahoo.ca,2084359,,,
,,2018-09-28 15:32:52,,inico@att.net,2084359,,,
,,2018-09-29 14:16:04,,tbmaddux@comcast.net,2084359,,,
,,2018-10-05 18:36:02,,shawnce@yahoo.com,2084359,,,
,,2018-10-07 12:02:23,,lstein@sbcglobal.net,2084359,,,
,,2018-09-28 12:40:28,,crusader@yahoo.ca,2084359,,,
,,2018-09-30 03:29:00,,lstein@sbcglobal.net,2084275,,,
,,2018-09-21 08:43:12,,floxy@aol.com,2084275,,,
,,2018-09-26 09:40:52,,library@yahoo.ca,2084275,,,
,,2018-09-24 03:36:18,,nasor@yahoo.com,2084275,,,
,,2018-09-24 15:42:23,,chlim@icloud.com,2084275,,,
,,2018-10-07 19:18:29,,crusader@yahoo.ca,2084275,,,
,,2018-09-24 00:30:23,,josem@aol.com,2084275,,,
,,2018-10-06 07:18:55,,storerm@comcast.net,2084275,,,
,,2018-09-27 20:10:15,,tbeck@yahoo.ca,2079720,,,
,,2018-09-24 19:37:26,,hllam@yahoo.ca,2079720,,,
,,2018-10-02 18:16:22,,telbij@msn.com,2079720,,,
,,2018-09-20 14:21:43,,dprice@msn.com,2079720,,,
,,2018-10-07 12:46:45,,portele@verizon.net,2079720,,,
,,2018-10-03 07:31:07,,portele@verizon.net,2077613,,,
,,2018-09-17 07:15:53,,frostman@live.com,2077613,,,
,,2018-09-27 23:30:54,,rkobes@me.com,2077613,,,
,,2018-10-01 17:18:50,,portele@verizon.net,2077613,,,
,,2018-09-26 18:06:05,,kodeman@me.com,2077613,,,
,,2018-09-26 02:24:00,,inico@att.net,2077613,,,
,,2018-10-06 16:06:52,,inico@att.net,2077613,,,
,,2018-09-23 20:30:52,,rkobes@me.com,2077613,,,
,,2018-09-27 19:03:06,,graham@sbcglobal.net,2077613,,,
,,2018-10-02 15:49:30,,rkobes@me.com,2070090,,,
,,2018-09-30 06:43:40,,lstein@sbcglobal.net,2070090,,,
,,2018-10-06 01:33:14,,kodeman@me.com,2070090,,,
,,2018-10-02 15:51:12,,jnolan@outlook.com,2067547,,,
,,2018-10-01 22:36:07,,graham@sbcglobal.net,2067547,,,
,,2018-10-05 03:26:33,,osrin@msn.com,2067547,,,
,,2018-10-03 23:21:30,,zwood@optonline.net,2060471,,,
,,2018-09-21 09:40:02,,kodeman@me.com,2060471,,,
,,2018-10-01 01:38:27,,sherzodr@outlook.com,2060471,,,
,,2018-09-23 00:34:08,,telbij@msn.com,2060471,,,
,,2018-09-20 20:30:49,,josem@aol.com,2060471,,,
,,2018-09-20 00:30:48,,isaacson@msn.com,2060471,,,
,,2018-10-05 16:50:12,,conteb@att.net,2059549,,,
,,2018-09-28 07:46:59,,mahbub@yahoo.com,2059549,,,
,,2018-09-20 22:22:02,,vmalik@me.com,2059549,,,
,,2018-09-24 19:41:04,,chlim@icloud.com,2059549,,,
,,2018-09-22 07:18:58,,hllam@yahoo.ca,2059059,,,
,,2018-09-29 03:05:27,,kodeman@me.com,2059059,,,
,,2018-10-07 16:25:19,,jpflip@yahoo.ca,2059059,,,
,,2018-09-27 03:49:59,,nasor@yahoo.com,2059059,,,
,,2018-10-05 16:02:29,,sbmrjbr@gmail.com,2059059,,,
,,2018-09-20 08:00:20,,jhardin@verizon.net,2059059,,,
,,2018-10-03 05:33:48,,tbmaddux@comcast.net,2058442,,,
,,2018-10-02 03:51:23,,inico@att.net,2058442,,,
,,2018-09-13 20:18:44,,lstein@sbcglobal.net,2051300,,,
,,2018-09-22 10:39:17,,library@yahoo.ca,2051300,,,
,,2018-09-20 00:58:43,,nasor@yahoo.com,2051300,,,
,,2018-09-23 03:24:05,,zwood@optonline.net,2051300,,,
,,2018-09-21 07:58:35,,mrdvt@outlook.com,2051300,,,
,,2018-09-15 22:45:38,,josem@aol.com,2048036,,,
,,2018-10-04 14:04:02,,raides@me.com,2048036,,,
,,2018-09-27 10:25:09,,inico@att.net,2048036,,,
,,2018-10-02 06:51:36,,dalamb@att.net,2045546,,,
,,2018-10-02 01:41:25,,rkobes@me.com,2045546,,,
,,2018-09-20 14:38:32,,cderoove@yahoo.ca,2034001,,,
,,2018-10-02 01:34:30,,dalamb@att.net,2034001,,,
,,2018-09-26 21:10:07,,crusader@yahoo.ca,2034001,,,
,,2018-09-30 03:10:46,,lstein@sbcglobal.net,2034001,,,
,,2018-09-23 07:19:27,,nasor@yahoo.com,2034001,,,
,,2018-10-02 16:39:54,,lbaxter@msn.com,2032917,,,
,,2018-09-21 05:28:36,,lstein@sbcglobal.net,2032917,,,
,,2018-10-04 00:23:35,,cderoove@yahoo.ca,2032917,,,
,,2018-09-21 05:41:14,,sbmrjbr@gmail.com,2032917,,,
,,2018-09-21 23:44:15,,iamcal@live.com,2032917,,,
,,2018-10-06 13:45:17,,privcan@outlook.com,2032917,,,
,,2018-10-02 07:53:43,,privcan@outlook.com,2031062,,,
,,2018-09-28 15:40:04,,penna@sbcglobal.net,2031062,,,
,,2018-09-30 10:07:36,,dinther@mac.com,2031062,,,
,,2018-10-01 12:18:16,,jhardin@verizon.net,2031062,,,
,,2018-09-28 21:03:13,,raides@me.com,2031062,,,
,,2018-10-01 05:00:28,,zwood@optonline.net,2031062,,,
,,2018-09-20 15:26:29,,tbmaddux@comcast.net,2028800,,,
,,2018-10-05 12:40:28,,munson@aol.com,2028800,,,
,,2018-09-21 11:19:44,,zwood@optonline.net,2028800,,,
,,2018-09-22 19:57:55,,stecoop@yahoo.com,2028800,,,
,,2018-09-29 09:19:17,,penna@sbcglobal.net,2028800,,,
,,2018-10-06 18:18:43,,graham@sbcglobal.net,2028800,,,
,,2018-10-07 04:51:53,,ewaters@att.net,2028800,,,
,,2018-10-05 00:32:05,,osrin@msn.com,2028800,,,
,,2018-10-01 16:29:19,,telbij@msn.com,2026929,,,
,,2018-09-20 11:24:02,,zwood@optonline.net,2026929,,,
,,2018-09-25 16:53:18,,dalamb@att.net,2026929,,,
,,2018-09-25 09:48:35,,rkobes@me.com,2026929,,,
,,2018-09-23 21:29:17,,stecoop@yahoo.com,2022037,,,
,,2018-09-28 08:11:34,,hllam@yahoo.ca,2022037,,,
,,2018-09-30 08:53:32,,telbij@msn.com,2022037,,,
,,2018-10-06 10:13:59,,josem@aol.com,2022037,,,
,,2018-10-05 22:19:36,,crusader@yahoo.ca,2022037,,,
,,2018-10-05 16:33:54,,munson@aol.com,2009101,,,
,,2018-09-30 22:42:19,,dprice@msn.com,2009101,,,
,,2018-09-27 20:20:56,,lstein@sbcglobal.net,2009101,,,
,,2018-09-21 19:26:44,,frostman@live.com,2009101,,,
,,2018-09-20 16:40:07,,penna@sbcglobal.net,2009101,,,
,,2018-10-05 13:59:24,,raides@me.com,2009101,,,
,,2018-09-18 23:48:12,,hllam@yahoo.ca,2006689,,,
,,2018-09-23 19:58:12,,msherr@hotmail.com,2006689,,,
,,2018-10-06 18:11:01,,chlim@icloud.com,2006689,,,
,,2018-10-05 13:44:39,,jpflip@yahoo.ca,2006689,,,
,,2018-09-25 09:35:05,,isotopian@yahoo.com,2006689,,,
,,2018-09-25 16:57:55,,library@yahoo.ca,2006689,,,
,,2018-10-05 19:21:00,,library@yahoo.ca,2006689,,,
,,2018-09-28 21:01:26,,shawnce@yahoo.com,2006689,,,
,,2018-09-28 06:16:21,,lstein@sbcglobal.net,2006689,,,
,,2018-09-29 12:39:48,,munson@aol.com,2006026,,,
,,2018-09-22 17:36:47,,rtanter@comcast.net,2006026,,,
,,2018-09-24 18:48:24,,crusader@yahoo.ca,2006026,,,
,,2018-10-06 01:11:41,,bolow@aol.com,2006026,,,
,,2018-10-01 23:00:10,,nasor@yahoo.com,2006026,,,
,,2018-09-17 05:34:58,,shawnce@yahoo.com,2001745,,,
,,2018-09-26 15:26:55,,dinther@mac.com,2001745,,,
,,2018-10-01 06:55:30,,mahbub@yahoo.com,2001745,,,
,,2018-09-25 18:02:28,,hllam@yahoo.ca,2001745,,,
,,2018-09-27 01:54:23,,mahbub@yahoo.com,2001745,,,
,,2018-09-25 13:06:19,,rtanter@comcast.net,2001745,,,
,,2018-09-29 13:27:37,,munson@aol.com,2000567,,,
,,2018-10-07 18:54:13,,kodeman@me.com,2000567,,,
,,2018-09-26 07:39:54,,nasor@yahoo.com,2000567,,,
,,2018-09-26 03:56:15,,rtanter@comcast.net,1989243,,,
,,2018-10-02 09:51:02,,sbmrjbr@gmail.com,1989243,,,
,,2018-09-28 14:33:51,,graham@sbcglobal.net,1989243,,,
,,2018-10-04 17:19:24,,shawnce@yahoo.com,1989243,,,
,,2018-09-23 15:23:13,,jpflip@yahoo.ca,1989243,,,
,,2018-09-22 12:51:31,,munson@aol.com,1980978,,,
,,2018-09-25 21:53:03,,telbij@msn.com,1980978,,,
,,2018-09-20 09:42:49,,munson@aol.com,1980978,,,
,,2018-09-29 20:00:20,,telbij@msn.com,1980978,,,
,,2018-10-01 13:59:22,,vmalik@me.com,1980978,,,
,,2018-09-13 03:14:26,,rtanter@comcast.net,1976485,,,
,,2018-10-03 02:47:26,,rtanter@comcast.net,1976485,,,
,,2018-09-24 09:21:19,,sbmrjbr@gmail.com,1976485,,,
,,2018-09-29 07:34:42,,kodeman@me.com,1976485,,,
,,2018-09-30 09:05:56,,jpflip@yahoo.ca,1976485,,,
,,2018-09-28 11:19:06,,vmalik@me.com,1972874,,,
,,2018-10-07 12:48:23,,storerm@comcast.net,1972874,,,
,,2018-10-01 00:11:33,,iamcal@live.com,1972874,,,
,,2018-10-01 16:00:58,,rkobes@me.com,1972874,,,
,,2018-09-22 21:58:10,,frostman@live.com,1972874,,,
,,2018-10-05 12:40:06,,dalamb@att.net,1972874,,,
,,2018-10-06 21:05:35,,nasor@yahoo.com,1972874,,,
,,2018-09-30 06:30:15,,chlim@icloud.com,1972874,,,
,,2018-10-06 09:37:55,,dalamb@att.net,1969461,,,
,,2018-10-03 20:33:12,,jnolan@outlook.com,1969461,,,
,,2018-09-20 21:30:13,,isotopian@yahoo.com,1969461,,,
,,2018-10-02 01:47:28,,iamcal@live.com,1969461,,,
,,2018-10-07 10:17:18,,storerm@comcast.net,1964819,,,
,,2018-10-06 19:26:41,,msherr@hotmail.com,1964819,,,
,,2018-09-21 12:58:42,,chlim@icloud.com,1964819,,,
,,2018-10-05 16:43:46,,ewaters@att.net,1964819,,,
,,2018-10-03 15:31:20,,graham@sbcglobal.net,1964819,,,
,,2018-10-05 11:34:24,,stecoop@yahoo.com,1964819,,,
,,2018-10-07 19:05:58,,ewaters@att.net,1964819,,,
,,2018-10-02 22:20:19,,bolow@aol.com,1963955,,,
,,2018-09-26 21:13:32,,iamcal@live.com,1963955,,,
,,2018-10-02 16:32:34,,jpflip@yahoo.ca,1963955,,,
,,2018-09-27 00:01:40,,jhardin@verizon.net,1963955,,,
,,2018-09-21 06:04:35,,parasite@hotmail.com,1963955,,,
,,2018-09-24 19:18:55,,hllam@yahoo.ca,1957934,,,
,,2018-09-28 10:01:19,,raides@me.com,1957934,,,
,,2018-09-14 07:25:57,,nasor@yahoo.com,1955307,,,
,,2018-10-07 16:58:07,,frostman@live.com,1955307,,,
,,2018-09-14 23:18:43,,inico@att.net,1955307,,,
,,2018-10-07 18:01:05,,floxy@aol.com,1955307,,,
,,2018-09-21 04:59:16,,mrdvt@outlook.com,1955307,,,
,,2018-10-01 20:33:07,,iamcal@live.com,1955307,,,
,,2018-09-30 14:07:57,,sherzodr@outlook.com,1950156,,,
,,2018-10-04 11:15:05,,msherr@hotmail.com,1950156,,,
,,2018-09-28 10:24:55,,bolow@aol.com,1950156,,,
,,2018-09-22 23:36:58,,osrin@msn.com,1950156,,,
,,2018-09-23 17:10:59,,josem@aol.com,1950156,,,
,,2018-09-15 17:26:48,,nasor@yahoo.com,1946944,,,
,,2018-09-21 12:51:23,,nasor@yahoo.com,1946944,,,
,,2018-09-29 11:26:52,,lbaxter@msn.com,1946944,,,
,,2018-09-18 01:05:49,,bolow@aol.com,1945677,,,
,,2018-09-27 16:36:10,,storerm@comcast.net,1945677,,,
,,2018-09-24 05:52:13,,osrin@msn.com,1945677,,,
,,2018-09-23 08:14:45,,library@yahoo.ca,1945677,,,
,,2018-09-25 17:16:06,,library@yahoo.ca,1945677,,,
,,2018-09-18 12:15:54,,privcan@outlook.com,1944022,,,
,,2018-09-26 04:17:37,,hllam@yahoo.ca,1944022,,,
,,2018-09-21 12:35:22,,dalamb@att.net,1944022,,,
,,2018-09-24 10:10:59,,rkobes@me.com,1944022,,,
,,2018-09-22 06:37:05,,dalamb@att.net,1944022,,,
,,2018-09-25 14:28:35,,lstein@sbcglobal.net,1944022,,,
,,2018-09-25 06:52:42,,penna@sbcglobal.net,1938110,,,
,,2018-10-04 08:49:00,,parasite@hotmail.com,1938110,,,
,,2018-09-26 09:36:11,,jhardin@verizon.net,1938110,,,
,,2018-09-27 03:51:49,,bolow@aol.com,1929228,,,
,,2018-09-24 03:26:34,,tbmaddux@comcast.net,1929228,,,
,,2018-10-07 07:27:44,,dprice@msn.com,1929228,,,
,,2018-09-27 04:47:11,,hllam@yahoo.ca,1929228,,,
,,2018-09-25 10:14:42,,privcan@outlook.com,1924358,,,
,,2018-09-23 05:19:15,,cderoove@yahoo.ca,1924358,,,
,,2018-10-01 08:39:07,,parasite@hotmail.com,1924358,,,
,,2018-09-24 12:43:20,,tbmaddux@comcast.net,1924358,,,
,,2018-09-24 11:02:44,,graham@sbcglobal.net,1924358,,,
,,2018-10-05 12:49:39,,stecoop@yahoo.com,1924358,,,
,,2018-10-01 12:54:01,,frostman@live.com,1924338,,,
,,2018-10-03 07:45:45,,bolow@aol.com,1924338,,,
,,2018-10-04 14:48:39,,sbmrjbr@gmail.com,1924338,,,
,,2018-09-23 03:38:54,,penna@sbcglobal.net,1924338,,,
,,2018-10-06 21:56:13,,iamcal@live.com,1924338,,,
,,2018-10-01 21:05:39,,mahbub@yahoo.com,1924338,,,
,,2018-10-02 02:07:03,,isaacson@msn.com,1924338,,,
,,2018-10-02 14:59:47,,dprice@msn.com,1924338,,,
,,2018-10-07 20:31:25,,rkobes@me.com,1919607,,,
,,2018-10-01 20:16:46,,msherr@hotmail.com,1919607,,,
,,2018-09-23 11:46:41,,lstein@sbcglobal.net,1919607,,,
,,2018-10-07 01:19:14,,portele@verizon.net,1919607,,,
,,2018-09-25 15:56:10,,rtanter@comcast.net,1918821,,,
,,2018-09-14 20:03:53,,rtanter@comcast.net,1918821,,,
,,2018-10-02 03:33:42,,graham@sbcglobal.net,1918821,,,
,,2018-09-29 09:53:02,,nasor@yahoo.com,1918821,,,
,,2018-09-29 11:17:32,,jhardin@verizon.net,1918821,,,
,,2018-09-20 21:38:55,,dinther@mac.com,1918821,,,
,,2018-10-03 15:54:41,,dprice@msn.com,1918821,,,
,,2018-09-30 14:39:55,,storerm@comcast.net,1918821,,,
,,2018-10-05 08:26:27,,penna@sbcglobal.net,1918821,,,
,,2018-09-28 19:15:53,,tbmaddux@comcast.net,1918821,,,
,,2018-09-29 13:57:05,,zwood@optonline.net,1914092,,,
,,2018-10-06 16:41:47,,kodeman@me.com,1914092,,,
,,2018-09-22 13:16:53,,mahbub@yahoo.com,1914092,,,
,,2018-09-27 01:39:22,,library@yahoo.ca,1908999,,,
,,2018-09-20 08:37:22,,isotopian@yahoo.com,1908999,,,
,,2018-09-22 01:45:35,,parasite@hotmail.com,1908999,,,
,,2018-09-24 09:30:19,,kodeman@me.com,1908999,,,
,,2018-10-07 19:27:19,,josem@aol.com,1908999,,,
,,2018-09-27 20:39:38,,portele@verizon.net,1908999,,,
,,2018-09-23 13:13:30,,tbeck@yahoo.ca,1908999,,,
,,2018-10-06 07:45:17,,iamcal@live.com,1908999,,,
,,2018-10-04 05:45:12,,dprice@msn.com,1908999,,,
,,2018-09-17 11:17:54,,kodeman@me.com,1908572,,,
,,2018-10-03 00:49:47,,hllam@yahoo.ca,1908572,,,
,,2018-09-26 03:58:20,,josem@aol.com,1908572,,,
,,2018-09-28 18:41:05,,portele@verizon.net,1908572,,,
,,2018-10-05 15:12:01,,parasite@hotmail.com,1908572,,,
,,2018-10-04 22:51:13,,hllam@yahoo.ca,1908572,,,
,,2018-09-27 15:20:07,,inico@att.net,1908572,,,
,,2018-10-05 10:54:27,,bolow@aol.com,1905786,,,
,,2018-09-30 22:56:29,,storerm@comcast.net,1905786,,,
,,2018-09-29 19:12:50,,jhardin@verizon.net,1905786,,,
,,2018-10-07 15:04:22,,portele@verizon.net,1905786,,,
,,2018-10-07 11:52:18,,ewaters@att.net,1902110,,,
,,2018-10-06 02:03:31,,sbmrjbr@gmail.com,1902110,,,
,,2018-09-22 21:28:30,,tbeck@yahoo.ca,1894320,,,
,,2018-09-22 07:17:41,,iamcal@live.com,1894320,,,
,,2018-10-01 01:20:32,,inico@att.net,1894320,,,
,,2018-09-28 00:06:24,,telbij@msn.com,1894320,,,
,,2018-10-01 09:20:16,,inico@att.net,1894320,,,
,,2018-09-25 00:05:15,,tbmaddux@comcast.net,1893939,,,
,,2018-09-30 21:47:57,,ewaters@att.net,1893939,,,
,,2018-10-04 17:01:14,,jhardin@verizon.net,1893939,,,
,,2018-10-07 00:52:35,,sherzodr@outlook.com,1893939,,,
,,2018-10-05 12:13:26,,shawnce@yahoo.com,1893939,,,
,,2018-10-03 21:36:27,,dinther@mac.com,1893939,,,
,,2018-10-02 05:28:21,,lstein@sbcglobal.net,1893939,,,
,,2018-10-03 00:01:49,,dinther@mac.com,1892936,,,
,,2018-09-21 22:58:17,,floxy@aol.com,1892936,,,
,,2018-09-26 01:38:59,,msherr@hotmail.com,1892936,,,
,,2018-09-26 11:46:15,,bolow@aol.com,1892936,,,
,,2018-09-29 06:28:09,,ewaters@att.net,1892936,,,
,,2018-10-04 21:03:08,,mahbub@yahoo.com,1892936,,,
,,2018-09-30 10:26:08,,tbeck@yahoo.ca,1892422,,,
,,2018-10-06 21:21:05,,lbaxter@msn.com,1892422,,,
,,2018-10-02 22:37:28,,shawnce@yahoo.com,1892422,,,
,,2018-10-07 09:08:34,,dprice@msn.com,1892422,,,
,,2018-09-25 01:13:41,,shawnce@yahoo.com,1892422,,,
,,2018-10-07 18:21:52,,floxy@aol.com,1892422,,,
,,2018-09-27 07:37:07,,dinther@mac.com,1892422,,,
,,2018-10-01 19:33:45,,conteb@att.net,1892364,,,
,,2018-09-26 15:49:07,,dprice@msn.com,1892364,,,
,,2018-09-23 04:22:35,,josem@aol.com,1892364,,,
,,2018-09-20 06:31:37,,frostman@live.com,1892364,,,
,,2018-10-02 03:11:01,,munson@aol.com,1892364,,,
,,2018-10-03 11:39:12,,bolow@aol.com,1892364,,,
,,2018-09-20 08:41:41,,penna@sbcglobal.net,1892364,,,
,,2018-09-23 08:18:03,,graham@sbcglobal.net,1892364,,,
,,2018-09-22 03:40:01,,frostman@live.com,1875845,,,
,,2018-09-14 23:06:44,,isotopian@yahoo.com,1875845,,,
,,2018-09-25 00:07:07,,bolow@aol.com,1875845,,,
,,2018-10-04 07:58:05,,mrdvt@outlook.com,1875845,,,
,,2018-10-01 18:08:22,,jpflip@yahoo.ca,1875845,,,
,,2018-09-22 01:49:55,,bolow@aol.com,1875845,,,
,,2018-09-23 02:44:30,,msherr@hotmail.com,1875845,,,
,,2018-09-26 15:59:40,,raides@me.com,1875845,,,
,,2018-10-06 04:08:31,,munson@aol.com,1875845,,,
,,2018-10-04 16:07:35,,graham@sbcglobal.net,1874873,,,
,,2018-10-06 17:29:31,,msherr@hotmail.com,1874873,,,
,,2018-09-22 21:09:54,,floxy@aol.com,1874873,,,
,,2018-10-04 21:52:30,,storerm@comcast.net,1874873,,,
,,2018-09-26 16:59:01,,inico@att.net,1871615,,,
,,2018-10-01 05:44:25,,floxy@aol.com,1871615,,,
,,2018-09-22 18:45:56,,zwood@optonline.net,1871615,,,
,,2018-10-04 03:21:28,,jpflip@yahoo.ca,1871615,,,
,,2018-09-27 14:37:03,,library@yahoo.ca,1871615,,,
,,2018-10-04 06:04:21,,stecoop@yahoo.com,1871615,,,
,,2018-09-29 17:40:40,,tbmaddux@comcast.net,1863435,,,
,,2018-09-30 20:45:32,,shawnce@yahoo.com,1863435,,,
,,2018-10-05 11:20:34,,rkobes@me.com,1863435,,,
,,2018-09-27 15:30:40,,bolow@aol.com,1863435,,,
,,2018-09-23 06:09:39,,tbmaddux@comcast.net,1858383,,,
,,2018-09-20 11:58:48,,sherzodr@outlook.com,1858383,,,
,,2018-09-28 17:49:19,,nasor@yahoo.com,1851486,,,
,,2018-10-06 13:26:06,,lbaxter@msn.com,1851486,,,
,,2018-10-06 05:13:37,,dprice@msn.com,1851486,,,
,,2018-09-26 05:01:13,,sherzodr@outlook.com,1851486,,,
,,2018-10-02 11:23:31,,hllam@yahoo.ca,1851486,,,
,,2018-09-26 21:04:34,,sherzodr@outlook.com,1851486,,,
,,2018-10-07 08:17:05,,parasite@hotmail.com,1851486,,,
,,2018-09-27 19:52:13,,dalamb@att.net,1842503,,,
,,2018-10-03 14:34:43,,telbij@msn.com,1842503,,,
,,2018-09-29 06:09:02,,ewaters@att.net,1842503,,,
,,2018-10-04 03:19:41,,nasor@yahoo.com,1842503,,,
,,2018-10-02 05:23:05,,jhardin@verizon.net,1835207,,,
,,2018-10-01 21:51:28,,stecoop@yahoo.com,1835207,,,
,,2018-09-25 15:28:00,,tbmaddux@comcast.net,1835207,,,
,,2018-09-20 07:32:10,,jhardin@verizon.net,1835207,,,
,,2018-09-25 14:16:02,,hllam@yahoo.ca,1835207,,,
,,2018-09-27 19:15:25,,stecoop@yahoo.com,1835207,,,
,,2018-10-07 23:45:17,,tbeck@yahoo.ca,1831525,,,
,,2018-09-21 10:51:37,,hllam@yahoo.ca,1831525,,,
,,2018-09-30 12:45:20,,mahbub@yahoo.com,1831525,,,
,,2018-10-01 21:49:43,,chlim@icloud.com,1831525,,,
,,2018-09-28 07:21:43,,crusader@yahoo.ca,1831525,,,
,,2018-10-03 07:11:15,,josem@aol.com,1831525,,,
,,2018-10-03 17:35:00,,josem@aol.com,1831525,,,
,,2018-09-21 04:36:18,,vmalik@me.com,1831525,,,
,,2018-10-07 01:24:16,,stecoop@yahoo.com,1831525,,,
,,2018-09-25 16:42:15,,isotopian@yahoo.com,1830042,,,
,,2018-09-23 20:13:28,,parasite@hotmail.com,1830042,,,
,,2018-10-06 05:01:34,,isotopian@yahoo.com,1830042,,,
,,2018-10-01 04:50:45,,isotopian@yahoo.com,1830042,,,
,,2018-09-23 03:17:02,,ewaters@att.net,1830042,,,
,,2018-09-30 12:02:18,,shawnce@yahoo.com,1830042,,,
,,2018-09-29 08:33:49,,lstein@sbcglobal.net,1830042,,,
,,2018-09-23 05:59:20,,lstein@sbcglobal.net,1830042,,,
,,2018-09-14 11:51:11,,hllam@yahoo.ca,1829814,,,
,,2018-09-15 23:50:54,,josem@aol.com,1829814,,,
,,2018-10-03 19:24:26,,lbaxter@msn.com,1829814,,,
,,2018-09-27 15:09:52,,dprice@msn.com,1829814,,,
,,2018-10-05 23:39:20,,lstein@sbcglobal.net,1829814,,,
,,2018-10-07 04:46:38,,rkobes@me.com,1829814,,,
,,2018-10-03 23:31:46,,zwood@optonline.net,1828978,,,
,,2018-09-28 12:36:56,,chlim@icloud.com,1828978,,,
,,2018-09-22 10:34:07,,frostman@live.com,1828978,,,
,,2018-09-28 23:28:07,,privcan@outlook.com,1828978,,,
,,2018-09-28 09:34:35,,stecoop@yahoo.com,1828978,,,
,,2018-10-05 02:14:55,,library@yahoo.ca,1828978,,,
,,2018-09-29 19:43:51,,bolow@aol.com,1821967,,,
,,2018-09-23 11:39:59,,sherzodr@outlook.com,1821967,,,
,,2018-10-07 09:41:13,,hllam@yahoo.ca,1821967,,,
,,2018-09-28 20:27:52,,rkobes@me.com,1821077,,,
,,2018-09-26 02:18:41,,telbij@msn.com,1821077,,,
,,2018-10-03 04:16:18,,mrdvt@outlook.com,1821077,,,
,,2018-10-02 08:17:15,,tbeck@yahoo.ca,1819382,,,
,,2018-10-04 15:17:04,,parasite@hotmail.com,1819382,,,
,,2018-09-13 06:09:57,,lstein@sbcglobal.net,1813206,,,
,,2018-10-03 21:03:56,,munson@aol.com,1813206,,,
,,2018-10-01 05:32:59,,dalamb@att.net,1813206,,,
,,2018-09-24 06:05:33,,inico@att.net,1813206,,,
,,2018-09-27 03:30:42,,stecoop@yahoo.com,1813206,,,
,,2018-09-22 16:59:09,,nasor@yahoo.com,1813206,,,
,,2018-09-23 19:28:59,,cderoove@yahoo.ca,1813206,,,
,,2018-09-22 21:41:05,,floxy@aol.com,1813206,,,
,,2018-09-30 18:15:15,,tbmaddux@comcast.net,1813206,,,
,,2018-09-18 21:27:41,,isaacson@msn.com,1799626,,,
,,2018-09-30 06:17:29,,mrdvt@outlook.com,1799626,,,
,,2018-09-22 19:30:39,,rtanter@comcast.net,1799626,,,
,,2018-09-30 22:16:29,,portele@verizon.net,1799626,,,
,,2018-09-22 21:00:05,,telbij@msn.com,1799626,,,
,,2018-09-20 02:02:23,,crusader@yahoo.ca,1790345,,,
,,2018-09-29 10:06:33,,floxy@aol.com,1790345,,,
,,2018-09-28 11:00:13,,graham@sbcglobal.net,1790345,,,
,,2018-09-22 13:42:00,,cderoove@yahoo.ca,1790345,,,
,,2018-10-06 17:18:46,,sherzodr@outlook.com,1790345,,,
,,2018-10-07 17:47:08,,graham@sbcglobal.net,1790345,,,
,,2018-10-07 21:09:49,,graham@sbcglobal.net,1790345,,,
,,2018-09-25 11:40:09,,jhardin@verizon.net,1790345,,,
,,2018-09-24 11:20:36,,vmalik@me.com,1786666,,,
,,2018-09-24 00:21:09,,tbeck@yahoo.ca,1786666,,,
,,2018-09-21 00:03:44,,crusader@yahoo.ca,1786666,,,
,,2018-09-24 10:56:10,,jnolan@outlook.com,1784641,,,
,,2018-09-20 01:56:59,,kodeman@me.com,1784641,,,
,,2018-09-26 19:50:46,,floxy@aol.com,1784641,,,
,,2018-10-06 12:32:31,,privcan@outlook.com,1784641,,,
,,2018-09-21 14:59:44,,rkobes@me.com,1783660,,,
,,2018-09-23 20:15:35,,frostman@live.com,1783660,,,
,,2018-09-20 05:27:31,,storerm@comcast.net,1783660,,,
,,2018-10-06 11:43:39,,osrin@msn.com,1783660,,,
,,2018-10-02 03:58:32,,sherzodr@outlook.com,1783660,,,
,,2018-09-29 18:11:12,,mrdvt@outlook.com,1783660,,,
,,2018-09-17 05:40:25,,iamcal@live.com,1776300,,,
,,2018-09-17 05:22:11,,jpflip@yahoo.ca,1776300,,,
,,2018-10-03 08:55:08,,sherzodr@outlook.com,1776300,,,
,,2018-09-29 22:51:27,,tbeck@yahoo.ca,1776300,,,
,,2018-09-20 20:00:08,,jpflip@yahoo.ca,1776300,,,
,,2018-09-27 00:06:56,,sherzodr@outlook.com,1776300,,,
,,2018-09-29 04:09:02,,jhardin@verizon.net,1773975,,,
,,2018-09-19 15:44:55,,dinther@mac.com,1773975,,,
,,2018-09-26 12:37:41,,chlim@icloud.com,1773975,,,
,,2018-10-01 16:29:30,,tbmaddux@comcast.net,1773975,,,
,,2018-10-06 01:18:50,,floxy@aol.com,1773975,,,
,,2018-10-07 11:50:19,,storerm@comcast.net,1773975,,,
,,2018-10-05 14:50:56,,tbmaddux@comcast.net,1773975,,,
,,2018-10-07 03:42:50,,bolow@aol.com,1765307,,,
,,2018-10-06 06:13:12,,penna@sbcglobal.net,1765307,,,
,,2018-09-21 06:27:32,,privcan@outlook.com,1765307,,,
,,2018-09-24 15:08:28,,dinther@mac.com,1760049,,,
,,2018-09-22 16:44:22,,sherzodr@outlook.com,1760049,,,
,,2018-09-30 13:16:40,,jpflip@yahoo.ca,1759114,,,
,,2018-09-22 15:47:05,,graham@sbcglobal.net,1759114,,,
,,2018-09-25 11:14:39,,stecoop@yahoo.com,1759114,,,
,,2018-09-26 12:53:56,,sbmrjbr@gmail.com,1759114,,,
,,2018-10-07 16:11:49,,telbij@msn.com,1759114,,,
,,2018-10-04 21:13:34,,shawnce@yahoo.com,1751080,,,
,,2018-10-06 22:56:59,,rkobes@me.com,1751080,,,
,,2018-09-18 15:05:45,,dinther@mac.com,1746617,,,
,,2018-09-13 08:32:08,,bolow@aol.com,1746617,,,
,,2018-09-21 22:18:02,,isaacson@msn.com,1746617,,,
,,2018-10-07 00:45:10,,jnolan@outlook.com,1746617,,,
,,2018-10-03 08:07:27,,isaacson@msn.com,1746617,,,
,,2018-09-18 09:34:52,,bolow@aol.com,1741635,,,
,,2018-10-07 23:01:27,,shawnce@yahoo.com,1741635,,,
,,2018-09-24 01:34:31,,lstein@sbcglobal.net,1741635,,,
,,2018-09-25 22:10:06,,ewaters@att.net,1741635,,,
,,2018-10-05 14:23:35,,iamcal@live.com,1741635,,,
,,2018-09-21 12:44:09,,tbeck@yahoo.ca,1736848,,,
,,2018-09-25 08:53:59,,dprice@msn.com,1736848,,,
,,2018-09-27 06:30:43,,raides@me.com,1736848,,,
,,2018-09-21 06:04:29,,hllam@yahoo.ca,1736848,,,
,,2018-09-25 14:40:03,,lbaxter@msn.com,1736848,,,
,,2018-09-16 17:22:55,,conteb@att.net,1711280,,,
,,2018-09-21 10:22:09,,conteb@att.net,1711280,,,
,,2018-10-03 05:30:13,,conteb@att.net,1711280,,,
,,2018-09-30 21:17:29,,rtanter@comcast.net,1711280,,,
,,2018-10-02 19:47:55,,kodeman@me.com,1711280,,,
,,2018-10-05 07:40:50,,lstein@sbcglobal.net,1711280,,,
,,2018-10-05 20:39:33,,jnolan@outlook.com,1711280,,,
,,2018-10-07 09:17:30,,portele@verizon.net,1711280,,,
,,2018-09-27 05:16:46,,rtanter@comcast.net,1697257,,,
,,2018-10-05 02:44:46,,sherzodr@outlook.com,1697257,,,
,,2018-09-30 06:36:17,,isaacson@msn.com,1697257,,,
,,2018-09-29 22:02:30,,tbeck@yahoo.ca,1697257,,,
,,2018-10-07 05:17:54,,mahbub@yahoo.com,1676513,,,
,,2018-10-02 04:48:41,,nasor@yahoo.com,1676513,,,
,,2018-09-22 05:53:35,,mahbub@yahoo.com,1676513,,,
,,2018-09-22 14:41:09,,mahbub@yahoo.com,1676513,,,
,,2018-10-05 17:12:51,,lstein@sbcglobal.net,1676513,,,
,,2018-09-30 05:38:09,,nasor@yahoo.com,1676513,,,
,,2018-09-24 17:03:59,,chlim@icloud.com,1667953,,,
,,2018-10-01 16:13:05,,crusader@yahoo.ca,1667953,,,
,,2018-09-24 13:15:51,,portele@verizon.net,1667953,,,
,,2018-09-20 07:15:36,,osrin@msn.com,1667953,,,
,,2018-09-24 18:38:48,,mrdvt@outlook.com,1667953,,,
,,2018-09-25 00:55:02,,chlim@icloud.com,1660186,,,
,,2018-10-05 20:33:50,,portele@verizon.net,1660186,,,
,,2018-09-23 19:25:22,,kodeman@me.com,1660186,,,
,,2018-09-29 06:31:05,,privcan@outlook.com,1660186,,,
,,2018-09-28 09:04:37,,telbij@msn.com,1660186,,,
,,2018-09-23 07:49:59,,jnolan@outlook.com,1660186,,,
,,2018-09-23 19:15:11,,tbeck@yahoo.ca,1660186,,,
,,2018-10-07 21:54:12,,isotopian@yahoo.com,1656090,,,
,,2018-10-01 12:39:51,,shawnce@yahoo.com,1656090,,,
,,2018-09-26 11:47:20,,mrdvt@outlook.com,1656090,,,
,,2018-10-05 07:18:19,,bolow@aol.com,1656090,,,
,,2018-09-26 20:30:02,,portele@verizon.net,1656090,,,
,,2018-09-27 01:39:14,,sherzodr@outlook.com,1656090,,,
,,2018-09-30 14:12:51,,dinther@mac.com,1656090,,,
,,2018-09-20 03:13:37,,rkobes@me.com,1656090,,,
,,2018-09-24 04:31:10,,isaacson@msn.com,1656090,,,
,,2018-10-05 13:30:35,,conteb@att.net,1649684,,,
,,2018-10-04 15:53:31,,raides@me.com,1649684,,,
,,2018-10-06 08:15:13,,iamcal@live.com,1649684,,,
,,2018-09-27 12:22:14,,iamcal@live.com,1649684,,,
,,2018-09-22 01:21:19,,floxy@aol.com,1649684,,,
,,2018-10-01 15:17:12,,jpflip@yahoo.ca,1648495,,,
,,2018-10-04 09:11:49,,rkobes@me.com,1648495,,,
,,2018-09-27 12:27:02,,stecoop@yahoo.com,1648495,,,
,,2018-09-22 11:28:08,,munson@aol.com,1648495,,,
,,2018-09-29 18:27:59,,conteb@att.net,1648495,,,
,,2018-09-28 10:25:54,,penna@sbcglobal.net,1648495,,,
,,2018-09-26 14:35:43,,lstein@sbcglobal.net,1648495,,,
,,2018-09-17 14:36:17,,chlim@icloud.com,1643399,,,
,,2018-10-03 11:17:40,,rtanter@comcast.net,1643399,,,
,,2018-10-05 01:06:11,,storerm@comcast.net,1643145,,,
,,2018-09-18 00:07:36,,stecoop@yahoo.com,1643145,,,
,,2018-09-24 10:18:08,,mrdvt@outlook.com,1643145,,,
,,2018-10-02 07:57:00,,chlim@icloud.com,1643145,,,
,,2018-09-30 12:41:30,,bolow@aol.com,1643145,,,
,,2018-09-25 06:51:47,,vmalik@me.com,1643145,,,
,,2018-09-26 23:45:27,,dalamb@att.net,1643145,,,
,,2018-09-22 04:17:59,,vmalik@me.com,1643145,,,
,,2018-09-26 02:57:56,,kodeman@me.com,1642016,,,
,,2018-10-04 21:34:51,,chlim@icloud.com,1642016,,,
,,2018-10-05 17:06:24,,lbaxter@msn.com,1642016,,,
,,2018-10-07 00:11:24,,bolow@aol.com,1628084,,,
,,2018-09-23 08:31:35,,lbaxter@msn.com,1628084,,,
,,2018-09-25 13:53:43,,mrdvt@outlook.com,1628084,,,
,,2018-10-03 10:30:00,,privcan@outlook.com,1628084,,,
,,2018-09-23 00:13:35,,jhardin@verizon.net,1628084,,,
,,2018-10-03 02:12:06,,sbmrjbr@gmail.com,1628084,,,
,,2018-09-21 01:09:34,,kodeman@me.com,1628084,,,
,,2018-09-29 05:14:24,,josem@aol.com,1628084,,,
,,2018-09-29 04:48:52,,jhardin@verizon.net,1628084,,,
,,2018-10-07 09:56:16,,conteb@att.net,1625355,,,
,,2018-10-04 14:17:07,,lstein@sbcglobal.net,1625355,,,
,,2018-09-23 14:16:15,,telbij@msn.com,1625355,,,
,,2018-09-30 10:49:27,,parasite@hotmail.com,1625355,,,
,,2018-09-26 04:56:44,,frostman@live.com,1625355,,,
,,2018-09-25 17:17:21,,rkobes@me.com,1625355,,,
,,2018-09-23 06:47:07,,mrdvt@outlook.com,1601908,,,
,,2018-09-17 23:55:22,,conteb@att.net,1601908,,,
,,2018-10-02 08:32:40,,tbmaddux@comcast.net,1601908,,,
,,2018-10-06 19:24:54,,msherr@hotmail.com,1601908,,,
,,2018-09-23 05:20:20,,dinther@mac.com,1601908,,,
,,2018-10-07 13:09:01,,isaacson@msn.com,1601908,,,
,,2018-09-14 04:28:56,,jnolan@outlook.com,1598628,,,
,,2018-10-02 00:11:13,,zwood@optonline.net,1598628,,,
,,2018-09-23 14:16:23,,chlim@icloud.com,1598628,,,
,,2018-09-24 23:09:52,,isotopian@yahoo.com,1598628,,,
,,2018-09-29 03:01:18,,library@yahoo.ca,1578701,,,
,,2018-10-05 12:23:27,,raides@me.com,1578701,,,
,,2018-10-03 04:42:18,,josem@aol.com,1578701,,,
,,2018-09-20 08:02:26,,jnolan@outlook.com,1578701,,,
,,2018-09-24 10:17:52,,sherzodr@outlook.com,1575836,,,
,,2018-10-05 00:27:02,,rtanter@comcast.net,1575836,,,
,,2018-09-20 04:31:10,,jnolan@outlook.com,1575836,,,
,,2018-09-26 17:53:38,,nasor@yahoo.com,1575836,,,
,,2018-09-20 08:56:37,,dprice@msn.com,1575836,,,
,,2018-09-29 23:20:58,,raides@me.com,1575836,,,
,,2018-09-22 07:42:18,,kodeman@me.com,1575836,,,
,,2018-10-06 22:54:03,,tbmaddux@comcast.net,1575836,,,
,,2018-09-27 04:13:55,,portele@verizon.net,1575836,,,
,,2018-10-05 01:42:13,,lstein@sbcglobal.net,1575836,,,
,,2018-09-27 14:21:53,,dprice@msn.com,1575836,,,
,,2018-09-26 20:41:55,,conteb@att.net,1575836,,,
,,2018-09-25 13:22:21,,floxy@aol.com,1568639,,,
,,2018-09-23 06:55:50,,dprice@msn.com,1568639,,,
,,2018-10-06 03:54:59,,mahbub@yahoo.com,1568639,,,
,,2018-09-21 11:42:58,,penna@sbcglobal.net,1568639,,,
,,2018-09-17 01:45:53,,cderoove@yahoo.ca,1537724,,,
,,2018-09-23 09:58:30,,rkobes@me.com,1537724,,,
,,2018-09-29 04:55:34,,telbij@msn.com,1537724,,,
,,2018-09-24 20:08:30,,penna@sbcglobal.net,1537724,,,
,,2018-09-26 09:31:06,,library@yahoo.ca,1537724,,,
,,2018-09-30 05:59:40,,jpflip@yahoo.ca,1537724,,,
,,2018-09-27 09:36:49,,tbeck@yahoo.ca,1532672,,,
,,2018-10-04 15:10:52,,sbmrjbr@gmail.com,1532672,,,
,,2018-09-13 06:20:27,,lbaxter@msn.com,1531028,,,
,,2018-10-07 13:37:28,,isotopian@yahoo.com,1531028,,,
,,2018-09-26 00:11:41,,iamcal@live.com,1531028,,,
,,2018-09-20 14:13:41,,nasor@yahoo.com,1520044,,,
,,2018-09-25 08:08:07,,inico@att.net,1520044,,,
,,2018-09-29 07:40:42,,jhardin@verizon.net,1520044,,,
,,2018-09-27 20:19:41,,dinther@mac.com,1520044,,,
,,2018-09-23 07:05:51,,mrdvt@outlook.com,1520044,,,
,,2018-10-01 01:02:46,,frostman@live.com,1520044,,,
,,2018-10-06 22:24:16,,kodeman@me.com,1517317,,,
,,2018-09-25 22:10:11,,osrin@msn.com,1517317,,,
,,2018-10-01 13:10:35,,floxy@aol.com,1517317,,,
,,2018-09-25 15:49:35,,iamcal@live.com,1517317,,,
,,2018-10-07 12:30:23,,jpflip@yahoo.ca,1517317,,,
,,2018-09-30 00:27:33,,iamcal@live.com,1517317,,,
,,2018-09-30 14:48:09,,nasor@yahoo.com,1517317,,,
,,2018-10-02 21:38:54,,rtanter@comcast.net,1517317,,,
,,2018-10-02 21:07:16,,osrin@msn.com,1504828,,,
,,2018-09-29 13:49:20,,hllam@yahoo.ca,1504828,,,
,,2018-10-01 06:51:47,,chlim@icloud.com,1504828,,,
,,2018-09-20 01:33:37,,penna@sbcglobal.net,1504828,,,
,,2018-09-29 04:51:20,,munson@aol.com,1453643,,,
,,2018-09-21 22:25:18,,jpflip@yahoo.ca,1453643,,,
,,2018-10-05 08:41:07,,sherzodr@outlook.com,1453224,,,
,,2018-09-24 21:55:38,,privcan@outlook.com,1453224,,,
,,2018-10-06 00:42:34,,library@yahoo.ca,1453224,,,
,,2018-10-01 03:16:53,,zwood@optonline.net,1453224,,,
,,2018-09-20 19:47:23,,chlim@icloud.com,1453224,,,
,,2018-09-27 04:15:52,,isotopian@yahoo.com,1453224,,,
,,2018-10-07 04:35:59,,mrdvt@outlook.com,1453224,,,
,,2018-09-23 23:01:15,,mahbub@yahoo.com,1453224,,,
,,2018-10-06 11:33:17,,tbmaddux@comcast.net,1453224,,,
,,2018-10-07 13:11:18,,tbeck@yahoo.ca,1453224,,,
,,2018-09-26 17:08:48,,msherr@hotmail.com,1453224,,,
,,2018-09-29 11:00:42,,library@yahoo.ca,1429083,,,
,,2018-09-23 00:18:02,,zwood@optonline.net,1429083,,,
,,2018-09-21 14:19:00,,storerm@comcast.net,1429083,,,
,,2018-09-27 10:26:48,,library@yahoo.ca,1429083,,,
,,2018-09-25 08:17:37,,josem@aol.com,1429083,,,
,,2018-10-03 22:07:41,,osrin@msn.com,1429083,,,
,,2018-09-23 09:51:59,,vmalik@me.com,1429083,,,
,,2018-09-25 00:16:58,,cderoove@yahoo.ca,1429083,,,
,,2018-09-21 22:55:25,,library@yahoo.ca,1429083,,,
,,2018-09-20 17:02:41,,rkobes@me.com,1424387,,,
,,2018-09-29 16:35:36,,library@yahoo.ca,1424387,,,
,,2018-09-24 15:06:23,,stecoop@yahoo.com,1400981,,,
,,2018-10-02 00:45:03,,tbeck@yahoo.ca,1400981,,,
,,2018-09-24 18:38:16,,iamcal@live.com,1400981,,,
,,2018-10-07 10:18:46,,bolow@aol.com,1400981,,,
,,2018-10-01 06:35:09,,shawnce@yahoo.com,1400981,,,
,,2018-10-05 12:19:44,,stecoop@yahoo.com,1400981,,,
,,2018-09-15 15:37:36,,penna@sbcglobal.net,1386380,,,
,,2018-09-23 09:04:06,,ewaters@att.net,1386380,,,
,,2018-10-01 04:40:44,,vmalik@me.com,1386380,,,
,,2018-09-26 20:16:27,,lbaxter@msn.com,1383172,,,
,,2018-10-01 10:32:45,,raides@me.com,1383172,,,
,,2018-09-29 01:58:17,,lbaxter@msn.com,1383172,,,
,,2018-10-03 21:52:10,,chlim@icloud.com,1383172,,,
,,2018-09-29 07:32:06,,nasor@yahoo.com,1383172,,,
,,2018-09-24 04:54:15,,sbmrjbr@gmail.com,1356689,,,
,,2018-09-25 01:19:29,,bolow@aol.com,1356689,,,
,,2018-09-15 18:05:24,,shawnce@yahoo.com,1356689,,,
,,2018-09-24 16:11:55,,ewaters@att.net,1356689,,,
,,2018-10-05 13:24:56,,conteb@att.net,1356689,,,
,,2018-09-22 22:34:19,,mahbub@yahoo.com,1356689,,,
,,2018-09-30 17:40:51,,storerm@comcast.net,1356689,,,
,,2018-09-23 10:10:48,,rtanter@comcast.net,1356689,,,
,,2018-09-29 22:51:26,,floxy@aol.com,1356689,,,
,,2018-09-22 19:33:28,,kodeman@me.com,1356689,,,
,,2018-09-20 07:54:21,,frostman@live.com,1356689,,,
,,2018-10-06 08:05:15,,rtanter@comcast.net,1356689,,,
,,2018-09-21 01:34:55,,portele@verizon.net,1356689,,,
,,2018-10-02 19:15:45,,dprice@msn.com,1356689,,,
,,2018-09-26 06:58:27,,zwood@optonline.net,1356689,,,
,,2018-10-07 17:30:16,,telbij@msn.com,1313392,,,
,,2018-09-27 10:42:57,,tbeck@yahoo.ca,1313392,,,
,,2018-09-23 11:18:28,,crusader@yahoo.ca,1313392,,,
,,2018-09-21 07:10:32,,chlim@icloud.com,1313392,,,
,,2018-10-03 17:17:33,,msherr@hotmail.com,1313392,,,
,,2018-09-28 09:21:37,,sherzodr@outlook.com,1313392,,,
,,2018-09-30 12:38:27,,zwood@optonline.net,1309900,,,
,,2018-09-28 00:07:51,,telbij@msn.com,1309900,,,
,,2018-10-01 13:59:24,,zwood@optonline.net,1299894,,,
,,2018-09-26 04:22:14,,inico@att.net,1299894,,,
,,2018-09-27 16:30:06,,graham@sbcglobal.net,1299894,,,
,,2018-10-02 04:54:50,,chlim@icloud.com,1299894,,,
,,2018-10-01 03:46:59,,msherr@hotmail.com,1299894,,,
,,2018-09-28 16:03:43,,iamcal@live.com,1299894,,,
,,2018-10-02 07:38:33,,tbmaddux@comcast.net,1299894,,,
,,2018-09-24 16:05:18,,msherr@hotmail.com,1271371,,,
,,2018-10-03 20:04:51,,bolow@aol.com,1256338,,,
,,2018-09-27 11:25:56,,isotopian@yahoo.com,1256338,,,
,,2018-10-05 02:04:37,,isotopian@yahoo.com,1256338,,,
,,2018-09-21 06:56:33,,lstein@sbcglobal.net,1256338,,,
,,2018-10-06 20:31:16,,telbij@msn.com,1177566,,,
,,2018-09-22 20:44:56,,bolow@aol.com,1177566,,,
,,2018-09-27 09:39:00,,inico@att.net,1177566,,,
,,2018-09-28 07:50:53,,tbmaddux@comcast.net,1177566,,,
,,2018-09-30 13:57:26,,bolow@aol.com,1150044,,,
,,2018-10-04 19:44:50,,library@yahoo.ca,1150044,,,
,,2018-09-30 04:35:47,,bolow@aol.com,1150044,,,
,,2018-09-30 06:20:14,,munson@aol.com,1150044,,,
,,2018-09-21 13:39:18,,frostman@live.com,1150044,,,
,,2018-10-07 04:22:07,,munson@aol.com,1150044,,,
,,2018-09-23 19:39:38,,zwood@optonline.net,1143140,,,
,,2018-09-25 10:37:01,,iamcal@live.com,1143140,,,
,,2018-10-01 20:48:25,,jpflip@yahoo.ca,1143140,,,
,,2018-09-28 17:00:55,,mrdvt@outlook.com,1143140,,,
,,2018-09-26 10:46:14,,zwood@optonline.net,1143140,,,
,,2018-09-30 06:34:02,,stecoop@yahoo.com,1143140,,,
,,2018-09-20 10:26:57,,sbmrjbr@gmail.com,1135339,,,
,,2018-09-27 01:16:07,,raides@me.com,1135339,,,
,,2018-10-01 11:06:39,,parasite@hotmail.com,1135339,,,
,,2018-09-25 08:32:29,,dprice@msn.com,1057180,,,
,,2018-09-14 22:17:07,,chlim@icloud.com,1057180,,,
,,2018-09-16 01:08:52,,vmalik@me.com,1057180,,,
,,2018-10-05 16:49:50,,privcan@outlook.com,1057180,,,
,,2018-09-30 04:43:43,,floxy@aol.com,1057180,,,
,,2018-10-06 06:32:42,,jhardin@verizon.net,1057180,,,
,,2018-09-22 09:53:31,,privcan@outlook.com,1049016,,,
,,2018-10-03 10:56:47,,kodeman@me.com,1049016,,,
,,2018-09-22 11:04:13,,osrin@msn.com,1049016,,,
,,2018-09-13 23:55:34,,parasite@hotmail.com,1041259,,,
,,2018-09-30 08:44:04,,tbeck@yahoo.ca,1041259,,,
,,2018-09-25 13:15:19,,lbaxter@msn.com,1041259,,,
,,2018-09-14 12:17:17,,floxy@aol.com,1041259,,,
,,2018-09-28 21:17:58,,osrin@msn.com,1041259,,,
,,2018-10-03 08:07:43,,jpflip@yahoo.ca,1041259,,,
,,2018-10-02 23:06:53,,zwood@optonline.net,1041259,,,
,,2018-10-07 08:22:48,,mrdvt@outlook.com,1041259,,,
,,2018-10-05 22:42:34,,raides@me.com,1041259,,,
,,2018-10-07 14:30:01,,library@yahoo.ca,1041259,,,
,,2018-09-26 20:28:20,,vmalik@me.com,1041259,,,
,,2018-10-04 11:14:37,,stecoop@yahoo.com,1041259,,,
,,2018-09-21 07:55:09,,rkobes@me.com,1041259,,,
,,2018-09-26 12:56:45,,osrin@msn.com,1041259,,,
,,2018-09-28 00:41:36,,portele@verizon.net,1041217,,,
,,2018-10-05 15:33:31,,dalamb@att.net,1041217,,,
,,2018-09-20 06:01:08,,vmalik@me.com,1041217,,,
,,2018-09-22 11:53:41,,nasor@yahoo.com,1041217,,,
,,2018-09-23 17:02:35,,mahbub@yahoo.com,1018227,,,
,,2018-09-24 19:06:21,,bolow@aol.com,1018227,,,
,,2018-09-24 17:24:36,,crusader@yahoo.ca,1018227,,,
,,2018-10-03 09:55:24,,josem@aol.com,1018227,,,
,,2018-09-27 02:57:43,,dalamb@att.net,992525,,,
,,2018-09-29 02:37:58,,frostman@live.com,992525,,,
,,2018-09-24 15:38:03,,vmalik@me.com,992525,,,
,,2018-09-22 10:49:30,,frostman@live.com,972019,,,
,,2018-09-29 12:43:27,,parasite@hotmail.com,972019,,,
,,2018-10-03 00:15:08,,mahbub@yahoo.com,972019,,,
,,2018-10-06 04:35:27,,graham@sbcglobal.net,972019,,,
,,2018-09-21 14:15:31,,tbmaddux@comcast.net,953646,,,
,,2018-09-29 05:02:37,,graham@sbcglobal.net,953646,,,
,,2018-10-06 16:49:10,,isaacson@msn.com,953646,,,
,,2018-10-02 04:29:00,,munson@aol.com,921007,,,
,,2018-09-24 15:29:31,,lstein@sbcglobal.net,777768,,,
,,2018-09-28 20:13:29,,sbmrjbr@gmail.com,777768,,,
,,2018-09-30 20:19:27,,sherzodr@outlook.com,777768,,,
,,2018-09-25 10:14:05,,isotopian@yahoo.com,777768,,,
,,2018-09-19 19:25:19,,osrin@msn.com,758700,,,
,,2018-10-05 16:34:15,,mrdvt@outlook.com,758700,,,
,,2018-10-02 23:18:11,,shawnce@yahoo.com,758700,,,
,,2018-10-05 20:30:54,,rtanter@comcast.net,758700,,,
,,2018-10-01 16:52:17,,frostman@live.com,736490,,,
,,2018-09-24 01:56:59,,conteb@att.net,736490,,,
,,2018-09-22 22:41:06,,sbmrjbr@gmail.com,736490,,,
,,2018-10-03 19:41:44,,lstein@sbcglobal.net,736490,,,
,,2018-10-07 21:12:20,,portele@verizon.net,736490,,,
,,2018-09-27 19:03:07,,parasite@hotmail.com,736490,,,
,,2018-10-07 07:58:14,,sbmrjbr@gmail.com,731457,,,
,,2018-10-02 18:08:05,,cderoove@yahoo.ca,731457,,,
,,2018-09-30 00:54:28,,vmalik@me.com,731457,,,
,,2018-10-06 11:05:21,,bolow@aol.com,731457,,,
,,2018-09-28 01:31:45,,mrdvt@outlook.com,731457,,,
,,2018-10-03 16:19:16,,sherzodr@outlook.com,731457,,,
,,2018-10-04 08:29:09,,shawnce@yahoo.com,712200,,,
,,2018-10-06 00:30:56,,chlim@icloud.com,712200,,,
,,2018-10-06 00:29:55,,mahbub@yahoo.com,712200,,,
,,2018-10-02 18:12:33,,portele@verizon.net,712200,,,
,,2018-10-01 15:20:11,,portele@verizon.net,712200,,,
,,2018-09-25 21:07:34,,shawnce@yahoo.com,712200,,,
,,2018-10-03 17:26:04,,isaacson@msn.com,668128,,,
,,2018-10-04 12:24:13,,stecoop@yahoo.com,668128,,,
,,2018-09-21 05:33:49,,hllam@yahoo.ca,668128,,,
,,2018-09-30 15:03:05,,jpflip@yahoo.ca,668128,,,
,,2018-09-28 12:49:21,,nasor@yahoo.com,587472,,,
,,2018-09-26 05:17:12,,josem@aol.com,587472,,,
,,2018-10-03 20:34:20,,rtanter@comcast.net,587472,,,
,,2018-10-04 06:31:09,,zwood@optonline.net,587472,,,
,,2018-09-16 10:58:51,,cderoove@yahoo.ca,569574,,,
,,2018-09-30 16:58:00,,floxy@aol.com,569574,,,
,,2018-09-22 01:07:21,,isotopian@yahoo.com,569574,,,
,,2018-09-30 16:26:16,,storerm@comcast.net,398294,,,
,,2018-10-01 11:19:33,,frostman@live.com,398294,,,
,,2018-09-26 21:26:51,,lbaxter@msn.com,398294,,,
,,2018-09-29 09:48:44,,jhardin@verizon.net,398294,,,
,,2018-10-02 20:57:08,,parasite@hotmail.com,398294,,,
,,2018-09-29 03:47:38,,rkobes@me.com,268456,,,
,,2018-09-28 04:18:01,,cderoove@yahoo.ca,268456,,,
,,2018-09-25 06:22:18,,shawnce@yahoo.com,268456,,,
,,2018-09-24 20:39:33,,parasite@hotmail.com,268456,,,
,,2018-09-23 12:34:33,,rkobes@me.com,268456,,,